,id,album_id,album_name,duration_ms,popularity,track_name,artists,msPlayed,endTime,release_date,genres
0,025aQi6Ffw676y8m4zLPk7,30HSC1ogeWpwBZXroMTTDW,To the Rain,145620,59,To the Rain,['Anna Landström'],141966,2023-01-05 16:22,2022-05-20,[]
1,5eMUmyDeH1aayf1uZ0Wrga,2EqOuPPTOth7VS70I1kvta,Reflect the Day,65142,48,Autumn Nights,"['Slowberry', 'Fuzzy & Glad', 'blushful']",172896,2023-01-05 16:25,2020-10-05,[]
2,7EL9YtzL4qYOcxYlf4mbVi,2zXp7huP6HGVldywEC6arL,Yours to Break,211826,52,Wintergreen,['The East Pointers'],180531,2023-01-05 16:28,2019-10-25,[]
3,2HwCcCi8Up9NECNBRt0yTV,1Vhx6ow2PDJROoX3ND5dEy,Hideaway,148906,63,Hideaway,['Igulfrid'],146806,2023-01-05 16:30,2022-04-15,[]
4,763DOeT2XIrzMjbC3LLF5i,4TVVWsBh3tY8GXupSSoCc4,Lydian Fairytale,105786,67,Lydian Fairytale,['Nascondiglio'],116950,2023-01-05 16:32,2022-12-30,[]
5,2BHj31ufdEqVK5CkYDp9mA,1ANaxJNBcbOvvycNL4MCL5,Miki Matsubara Best Collection,312293,77,Mayonaka no Door / Stay With Me,['Miki Matsubara'],76937,2023-01-05 16:33,2008,[]
6,2kEk2uIKtoJD5r65cH7XBP,4YPmrvr0GCO4errUctduu7,Contemplate,173219,65,Silk,['Sleepwear'],148835,2023-01-05 16:36,2022-02-07,[]
7,3iyH2B4dcjufYE0ZjiUZsC,4UGoF6BHCz2xclaI3J74Zf,Ex Nihilo Nihil Fit,155374,38,Ex Nihilo Nihil Fit,['Elder Lockhart'],140151,2023-01-05 16:38,2020-03-27,[]
8,0acEauszFAvCGw9cNF0kZM,33iYingDDSa1X0iPiotQT8,Frozen Lakes,166890,53,Frozen Lakes,['Imber Sun'],117443,2023-01-05 16:40,2022-12-02,[]
9,4FhxN8PTyjkBVfwlCnr9Om,6i7mF7whyRJuLJ4ogbH2wh,One Thing At A Time,162475,75,Days That End In Why,['Morgan Wallen'],135859,2023-01-05 16:42,2023-03-03,[]
10,2aLgFG14lYLiV8YYziZI7Q,1l3v5h34S4SMNKFblH6pkr,Letting Go,181792,58,Letting Go,['Ron Adelaar'],77309,2023-01-05 17:58,2022-05-06,[]
11,6cy3ki60hLwimwIje7tALf,6EobpC5SDFy5DF50dWNVGF,RITMO (Bad Boys For Life),221714,72,RITMO (Bad Boys For Life),"['Black Eyed Peas', 'J Balvin']",1695,2023-01-05 21:03,2019-10-12,[]
12,0WfOuXw05LJq4ik1lVvTzi,0EdtTRCl3J22AnWrNpH1w9,Isles,246506,63,Apricots,['Bicep'],1764,2023-01-06 07:52,2021-01-22,[]
13,6nqq13r13sPOS7C3ydOi7L,6FoaIAh5ydGk4iEk32ECpk,Quasar,250604,50,Quasar,['Tevvez'],11192,2023-01-06 07:58,2021-06-07,[]
14,6nqq13r13sPOS7C3ydOi7L,6FoaIAh5ydGk4iEk32ECpk,Quasar,250604,50,Quasar,['Tevvez'],352215,2023-01-06 07:58,2021-06-07,[]
15,5Z8Dj3LtbyCMiwE86rhg2f,6o86bV7TAt5x4exc2qLDqC,Actual Life (April 14 - December 17 2020),285375,73,Marea (we’ve lost dancing),"['Fred again..', 'The Blessed Madonna']",18340,2023-01-06 07:58,2021-04-15,[]
16,5Z8Dj3LtbyCMiwE86rhg2f,6o86bV7TAt5x4exc2qLDqC,Actual Life (April 14 - December 17 2020),285375,73,Marea (we’ve lost dancing),"['Fred again..', 'The Blessed Madonna']",859,2023-01-06 07:58,2021-04-15,[]
17,0qemIQjSxcKyf42VPfZnfa,4vAhQeeWkSjVn0p5GAaLBx,How Can You Mend A Broken Heart,212800,74,"Night Fever - From ""Saturday Night Fever"" Soundtrack",['Bee Gees'],1718,2023-01-06 07:58,2020-12-11,[]
18,0WfOuXw05LJq4ik1lVvTzi,0EdtTRCl3J22AnWrNpH1w9,Isles,246506,63,Apricots,['Bicep'],246506,2023-01-06 08:02,2021-01-22,[]
19,6nqq13r13sPOS7C3ydOi7L,6FoaIAh5ydGk4iEk32ECpk,Quasar,250604,50,Quasar,['Tevvez'],250226,2023-01-06 08:07,2021-06-07,[]
20,3y3GMygxjeZ8VQDfEoyKh7,6Djgy4mo37pXQgBsLrdFYj,As I Dream,184583,62,As I Dream,['Johannes Bornlöf'],178613,2023-01-06 08:46,2022-05-13,[]
21,7Jrx30VldPaujIaP3c2SJn,75lQPJlmH7f4DlqyOpemjO,Un Cadeau,157077,57,Un Cadeau,['Nel Swerts'],153484,2023-01-06 08:49,2022-02-18,[]
22,6JmgdhklkWQBWZBhh8Too2,1vj9YCKCsagqPUV5rdfDVX,Crossing Paths,178958,47,Crossing Paths,['Lake Isabel'],174272,2023-01-06 08:52,2020-07-24,[]
23,70pC9IQb39VDNUm3Uio5kD,0sHbXMgCDveBs71HiIJulB,Petites danses et rêveries,146090,68,Un sourire et une larme (valse),['Tom Kristiaan'],140356,2023-01-06 08:54,2022-05-20,[]
24,5Gm2tHCFTzb0vHZfReSr5f,4RWOkpGgca2uscV8PX9CeR,Silfur,211440,47,Opus 18 - Silfur Version,"[""Dustin O'Halloran""]",200194,2023-01-06 08:57,2021-06-11,[]
25,2p5THyuNwpJ9c7ex3TN383,0nz4s5aDqAOYKdbogoo15X,Nowesind,119120,65,Nowesind,['Jacob David'],112333,2023-01-06 08:59,2022-02-25,[]
26,3iTkd7x5X2LIVKu7JNwqHR,2KOI69X6VG66offffHQvjg,The Pious Bird of Good Omen,191106,55,Albatross - 2018 Master,['Fleetwood Mac'],148830,2023-01-06 09:02,1969-08-15,[]
27,63oFS9JTsvadCXUqwqA7p0,74x8LKWeBPXDJxB0IDlCep,Shizukana,131786,67,Shizukana,['Isshi Matsuriza'],128634,2023-01-06 09:04,2022-04-08,[]
28,1sINJB2tVaHV5r3iKCACHv,3XJLsmXh2yyehGaUn0FWDC,Reframe,127109,59,Reframe,['Norman Dück'],124612,2023-01-06 09:06,2022-04-08,[]
29,2yZU1Y2Zagb4Ymm5gK72ab,2FSycLXewsbnvoqm6F5oKv,Homestead,162250,50,Homestead,['Chris Donner'],157962,2023-01-06 09:09,2022-02-25,[]
30,2XPxkVgxyj4QVaW78kS5vb,2RtrUW1IaYnI9OAVN4XGDY,Estelle,118500,63,Estelle,['Doris Casella'],115052,2023-01-06 09:11,2022-05-06,[]
31,6nEtaXKHUnrcbTjagD9mXC,4lvsDfnDzSQ5SbV8vAGMW9,Silverfog,156014,58,Silverfog,['Claudio Polle'],152290,2023-01-06 09:13,2022-01-02,[]
32,4ngpD9qM5EinF3KKKoyZDB,4jKT4QSTMTuHh7LmMzUtNb,The New Life,138598,59,The New Life,['Lemos'],130316,2023-01-06 09:15,2022-05-13,[]
33,5vz0Vls8TbtlI58CHQrIpb,08ACq6XiMkbZr3pouk4piJ,Träumerei,127250,62,Träumerei,['Jørg Sorensen'],126131,2023-01-06 09:17,2021-10-08,[]
34,6axlKJ7OnW6zxM16Hxwbb0,1ZwWzrEoQskuYYnN9bMXgB,Solace,151764,69,Solace,['Claire Lerdier'],114018,2023-01-06 09:19,2022-12-09,[]
35,0RdeSJMPOXBb8a1MmEP7Fq,5mxzoB3Xja5f0sVuI1nsv3,Svaj,146812,59,Svaj,['Jacob David'],139211,2023-01-06 09:22,2022-04-22,[]
36,5YZpHsggUWJwLirje3LvqH,1BgkRFDTCvBMxIZyMW8cnf,Alla fine insieme (Together at Last),128015,48,Alla fine insieme (Together at Last),['Guiseppe Amilcare'],123282,2023-01-06 09:23,2020-06-26,[]
37,7fBv7CLKzipRk6EC6TWHOB,0P3oVJBFOv3TDXlYRhGL7s,Beauty Behind The Madness,242253,87,The Hills,['The Weeknd'],160070,2023-01-06 09:26,2015-08-28,[]
38,5UTGQ7EW9lD4sCJs1QjL9l,6Wk54eiOWaHHWGQ8n5oGKh,Horizons,154503,63,Horizons,['Thalia Mathis'],134905,2023-01-06 09:28,2022-11-25,[]
39,0sCPbmOcdRcTWVDjHh22id,6vtn108mEHEwVw0Lu1I4HO,Hour of Rest,112653,60,Hour of Rest,['William Cas'],107731,2023-01-06 09:30,2021-10-01,[]
40,4OXMONKgLmW0FZGU6Sm7Hf,1XhIG4rUpR4cNXiegHFsU7,Sunlight Sadness,151479,58,Sunlight Sadness,['Højsgaard'],145274,2023-01-06 09:33,2022-03-25,[]
41,3iyH2B4dcjufYE0ZjiUZsC,4UGoF6BHCz2xclaI3J74Zf,Ex Nihilo Nihil Fit,155374,38,Ex Nihilo Nihil Fit,['Elder Lockhart'],140122,2023-01-06 09:35,2020-03-27,[]
42,63tNK7odjvpeSFcMZC1LsL,7wcFo6HBOkNKAZYCuV4WrC,Oltre (The Shape Of Piano To Come Vol. I),288812,28,Oltre - The Shape Of Piano To Come Vol. I,['Emiliano Blangero'],251326,2023-01-06 09:39,2020-10-26,[]
43,2HwCcCi8Up9NECNBRt0yTV,1Vhx6ow2PDJROoX3ND5dEy,Hideaway,148906,63,Hideaway,['Igulfrid'],146789,2023-01-06 09:41,2022-04-15,[]
44,7EL9YtzL4qYOcxYlf4mbVi,2zXp7huP6HGVldywEC6arL,Yours to Break,211826,52,Wintergreen,['The East Pointers'],180527,2023-01-06 09:44,2019-10-25,[]
45,5RrvMr9cuBvmINeTDJvTYH,3Z0iahrofwT3yOgryg08wR,Ostern - Klassische Musik,136706,2,"Prelude and Fugue in C Major, BWV 846: I. Prelude","['Johann Sebastian Bach', 'Fazıl Say']",164804,2023-01-06 09:47,2023-03-27,[]
46,00PnFrg2QQzPqkeuxGxcz9,5qarIzyobiPKOCDZvaWDIj,Relaxing Piano (Neoclassical Sessions),184220,61,Spheroidal,['Kalen Elmsley'],180767,2023-01-06 09:50,2022-08-19,[]
47,0YNtAadZvKBBEFARtfoCV8,0ODLCdHBFVvKwJGeSfd1jy,Hard To Imagine The Neighbourhood Ever Changing,167960,71,Compass,['The Neighbourhood'],139419,2023-01-06 09:52,2018-11-02,[]
48,4iCLo3ZjF6V1RW4Wz18KMz,5fpiyyKknRiCj5joBh4VA0,Praxedis,172813,60,Aufgang der Sonne,['Ploxxio'],168191,2023-01-06 09:55,2022-03-06,[]
49,025aQi6Ffw676y8m4zLPk7,30HSC1ogeWpwBZXroMTTDW,To the Rain,145620,59,To the Rain,['Anna Landström'],141955,2023-01-06 09:58,2022-05-20,[]
50,577YBGuskWkVDCxZrLRB4v,4iF44RCCybJtkBkMoqrLW2,Street Gossip,154023,82,Pure Cocaine,['Lil Baby'],115951,2023-01-06 10:00,2018-11-30,[]
51,0akRH0jXMDwwgVlTg8nyJH,21tRhVrfsE603drTwiWthE,Bagnàa Come I Trüt De Lagh,210613,27,Bagnàa Come I Trüt De Lagh,['Giovanni Turchini'],206061,2023-01-06 10:03,2020-10-16,[]
52,239W1Z795G2xYOqdrVLirv,6dT2UTUh4rYKFdakQ01sBc,The tree that I don't forget,198297,58,The tree that I don't forget,['Giuseppe Califano'],187268,2023-01-06 10:06,2022-05-13,[]
53,2kEk2uIKtoJD5r65cH7XBP,4YPmrvr0GCO4errUctduu7,Contemplate,173219,65,Silk,['Sleepwear'],148874,2023-01-06 10:09,2022-02-07,[]
54,4XhZgQHy6yNEB5M3NhZXAG,7nRhGhULaOo98BoVjYzzgD,Dear Buddy,132954,59,Dear Buddy,['Cinthya Garcia'],128398,2023-01-06 10:11,2022-05-06,[]
55,5e5tJl04Fp74oHxpsrC7Tk,0lvz7MO3PlK8QDxvvc35pN,Meditabundus,150000,60,Meditabundus,['Kellen Chase'],146362,2023-01-06 10:13,2022-04-27,[]
56,1IqWZERE8ZOVtgE3fmekFv,0wVbGonjdCw4QHcJ4HnRRM,Midnight Improvisations // Momenten,201000,47,vierde moment,['antinode'],195503,2023-01-06 10:16,2022-05-13,[]
57,14I5NCZR2Ml2egUlLPxSKL,7uU6IUooGwe60ajUtMfBy2,Stirling,128873,34,Stirling,['Olma'],114986,2023-01-06 10:18,2021-09-17,[]
58,0oufSLnKQDoBFX5mgkDCgR,03nFfkhtHqQZZqprep3G6r,Lost,158420,79,Trust,['Brent Faiyaz'],138346,2023-01-06 10:20,2018-10-19,[]
59,695BxK7VbbK6M4CRvtR5Sn,03ATVAe2XY1b6rZ7OGbMhw,Although,180635,59,Although,['Jane Avril'],171702,2023-01-06 10:23,2022-03-18,[]
60,13efPu5TlBN9X9oOo9ItBv,6plr80ML2wuePhF4AqR2bQ,Stardust,175844,59,Stardust,"['MrHeadA$$Trendy', 'Limbo']",242971,2023-01-06 10:27,2019-12-11,[]
61,0PQK5efczMVIIjScPRZYH5,14IZ6aHadzsKrNMnntwLb0,skeletons,171520,60,atlas,['keshi'],125404,2023-01-06 10:29,2019-07-16,[]
62,6zB9GWgc3mjxnqGgHAwvpU,4j3t73htSViFibVCVBpLr5,Different To Our Daily Lives,146960,57,Different To Our Daily Lives,['Justus Rümenapp'],138858,2023-01-06 10:32,2022-04-15,[]
63,4FpFfqoAlmkykj4E7nIhsZ,3OnOWPTEYMqhOn7SnFoyBO,Incandescence,117516,42,Incandescence,['Rebecca Leonard'],114956,2023-01-06 10:34,2020-01-07,[]
64,0acEauszFAvCGw9cNF0kZM,33iYingDDSa1X0iPiotQT8,Frozen Lakes,166890,53,Frozen Lakes,['Imber Sun'],117475,2023-01-06 10:36,2022-12-02,[]
65,7McExzjmhDI5NQ6l4D9XR9,6TsyjKCVz1FlcjwglzzbT9,Dismantle,135668,58,Remove The Complexities,['Peter Sandberg'],131751,2023-01-06 10:38,2016-06-17,[]
66,7inwDSpJOVDN9kUsi7JtqX,1x6OZLfOt7xNDGVU9Azcs7,The Door into Summer,182500,57,The Door into Summer,['Nora De Smet'],174139,2023-01-06 10:41,2022-04-01,[]
67,2POquMHNneRC4HApAiV2QA,5YgaRDfpuLueyi5hqncqLt,"Folsom Field, Boulder, CO 7/14/18 (Live)",795186,33,"Franklin's Tower - Live at Folsom Field, Boulder, CO, 7/14/2018",['Dead & Company'],198606,2023-01-06 10:44,2018-07-14,[]
68,2y6mh0Q1gZC7BKThkY92bh,3uLrSFrNqa8CULSIU7e9v5,Egypt Station,184678,26,Confidante,['Paul McCartney'],122399,2023-01-06 10:46,2018-09-07,[]
69,4Ev1LZ4uzjnSvDHpgdyBZK,5F0IQXuHfTV7SBvZVnXERl,The Division Bell,314960,56,Lost for Words,['Pink Floyd'],163728,2023-01-06 10:49,1994,[]
70,0BXq9t3wTA8HMqFPvGxZYf,2BkNgqpxRpu2lMH2yi0FJC,Sweet Redolence,114400,44,Sweet Redolence,['Cedric Armfeldt'],109145,2023-01-06 10:50,2020-08-07,[]
71,0XDv7SLyMkGcAnb12fMHa1,2fDm6GpssR8S6uQnDE4MKM,English Settlement,290667,50,Senses Working Overtime - Remastered 2001,['XTC'],38963,2023-01-06 10:51,1982-02-12,[]
72,6nqq13r13sPOS7C3ydOi7L,6FoaIAh5ydGk4iEk32ECpk,Quasar,250604,50,Quasar,['Tevvez'],352215,2023-01-06 13:59,2021-06-07,[]
73,5Z8Dj3LtbyCMiwE86rhg2f,6o86bV7TAt5x4exc2qLDqC,Actual Life (April 14 - December 17 2020),285375,73,Marea (we’ve lost dancing),"['Fred again..', 'The Blessed Madonna']",285375,2023-01-06 14:04,2021-04-15,[]
74,0XDv7SLyMkGcAnb12fMHa1,2fDm6GpssR8S6uQnDE4MKM,English Settlement,290667,50,Senses Working Overtime - Remastered 2001,['XTC'],84182,2023-01-06 14:21,1982-02-12,[]
75,3y3GMygxjeZ8VQDfEoyKh7,6Djgy4mo37pXQgBsLrdFYj,As I Dream,184583,62,As I Dream,['Johannes Bornlöf'],178613,2023-01-06 14:23,2022-05-13,[]
76,7Jrx30VldPaujIaP3c2SJn,75lQPJlmH7f4DlqyOpemjO,Un Cadeau,157077,57,Un Cadeau,['Nel Swerts'],153484,2023-01-06 14:26,2022-02-18,[]
77,6JmgdhklkWQBWZBhh8Too2,1vj9YCKCsagqPUV5rdfDVX,Crossing Paths,178958,47,Crossing Paths,['Lake Isabel'],174272,2023-01-06 14:29,2020-07-24,[]
78,70pC9IQb39VDNUm3Uio5kD,0sHbXMgCDveBs71HiIJulB,Petites danses et rêveries,146090,68,Un sourire et une larme (valse),['Tom Kristiaan'],140356,2023-01-06 14:31,2022-05-20,[]
79,5Gm2tHCFTzb0vHZfReSr5f,4RWOkpGgca2uscV8PX9CeR,Silfur,211440,47,Opus 18 - Silfur Version,"[""Dustin O'Halloran""]",200194,2023-01-06 14:35,2021-06-11,[]
80,2p5THyuNwpJ9c7ex3TN383,0nz4s5aDqAOYKdbogoo15X,Nowesind,119120,65,Nowesind,['Jacob David'],112333,2023-01-06 14:36,2022-02-25,[]
81,3iTkd7x5X2LIVKu7JNwqHR,2KOI69X6VG66offffHQvjg,The Pious Bird of Good Omen,191106,55,Albatross - 2018 Master,['Fleetwood Mac'],148830,2023-01-06 14:39,1969-08-15,[]
82,63oFS9JTsvadCXUqwqA7p0,74x8LKWeBPXDJxB0IDlCep,Shizukana,131786,67,Shizukana,['Isshi Matsuriza'],128634,2023-01-06 14:41,2022-04-08,[]
83,1sINJB2tVaHV5r3iKCACHv,3XJLsmXh2yyehGaUn0FWDC,Reframe,127109,59,Reframe,['Norman Dück'],124612,2023-01-06 14:43,2022-04-08,[]
84,2yZU1Y2Zagb4Ymm5gK72ab,2FSycLXewsbnvoqm6F5oKv,Homestead,162250,50,Homestead,['Chris Donner'],157962,2023-01-06 14:46,2022-02-25,[]
85,2XPxkVgxyj4QVaW78kS5vb,2RtrUW1IaYnI9OAVN4XGDY,Estelle,118500,63,Estelle,['Doris Casella'],115052,2023-01-06 14:48,2022-05-06,[]
86,6nEtaXKHUnrcbTjagD9mXC,4lvsDfnDzSQ5SbV8vAGMW9,Silverfog,156014,58,Silverfog,['Claudio Polle'],152290,2023-01-06 14:50,2022-01-02,[]
87,4ngpD9qM5EinF3KKKoyZDB,4jKT4QSTMTuHh7LmMzUtNb,The New Life,138598,59,The New Life,['Lemos'],130316,2023-01-06 14:52,2022-05-13,[]
88,5vz0Vls8TbtlI58CHQrIpb,08ACq6XiMkbZr3pouk4piJ,Träumerei,127250,62,Träumerei,['Jørg Sorensen'],126131,2023-01-06 14:54,2021-10-08,[]
89,6axlKJ7OnW6zxM16Hxwbb0,1ZwWzrEoQskuYYnN9bMXgB,Solace,151764,69,Solace,['Claire Lerdier'],114018,2023-01-06 14:56,2022-12-09,[]
90,0RdeSJMPOXBb8a1MmEP7Fq,5mxzoB3Xja5f0sVuI1nsv3,Svaj,146812,59,Svaj,['Jacob David'],139211,2023-01-06 14:59,2022-04-22,[]
91,5YZpHsggUWJwLirje3LvqH,1BgkRFDTCvBMxIZyMW8cnf,Alla fine insieme (Together at Last),128015,48,Alla fine insieme (Together at Last),['Guiseppe Amilcare'],123282,2023-01-06 15:01,2020-06-26,[]
92,7fBv7CLKzipRk6EC6TWHOB,0P3oVJBFOv3TDXlYRhGL7s,Beauty Behind The Madness,242253,87,The Hills,['The Weeknd'],160070,2023-01-06 15:03,2015-08-28,[]
93,5UTGQ7EW9lD4sCJs1QjL9l,6Wk54eiOWaHHWGQ8n5oGKh,Horizons,154503,63,Horizons,['Thalia Mathis'],134905,2023-01-06 15:48,2022-11-25,[]
94,0sCPbmOcdRcTWVDjHh22id,6vtn108mEHEwVw0Lu1I4HO,Hour of Rest,112653,60,Hour of Rest,['William Cas'],107731,2023-01-06 15:50,2021-10-01,[]
95,4OXMONKgLmW0FZGU6Sm7Hf,1XhIG4rUpR4cNXiegHFsU7,Sunlight Sadness,151479,58,Sunlight Sadness,['Højsgaard'],145274,2023-01-06 15:53,2022-03-25,[]
96,3iyH2B4dcjufYE0ZjiUZsC,4UGoF6BHCz2xclaI3J74Zf,Ex Nihilo Nihil Fit,155374,38,Ex Nihilo Nihil Fit,['Elder Lockhart'],140122,2023-01-06 15:55,2020-03-27,[]
97,63tNK7odjvpeSFcMZC1LsL,7wcFo6HBOkNKAZYCuV4WrC,Oltre (The Shape Of Piano To Come Vol. I),288812,28,Oltre - The Shape Of Piano To Come Vol. I,['Emiliano Blangero'],251326,2023-01-06 15:59,2020-10-26,[]
98,2HwCcCi8Up9NECNBRt0yTV,1Vhx6ow2PDJROoX3ND5dEy,Hideaway,148906,63,Hideaway,['Igulfrid'],146789,2023-01-06 16:02,2022-04-15,[]
99,7EL9YtzL4qYOcxYlf4mbVi,2zXp7huP6HGVldywEC6arL,Yours to Break,211826,52,Wintergreen,['The East Pointers'],180527,2023-01-06 16:05,2019-10-25,[]
100,5RrvMr9cuBvmINeTDJvTYH,3Z0iahrofwT3yOgryg08wR,Ostern - Klassische Musik,136706,2,"Prelude and Fugue in C Major, BWV 846: I. Prelude","['Johann Sebastian Bach', 'Fazıl Say']",164804,2023-01-06 16:07,2023-03-27,[]
101,00PnFrg2QQzPqkeuxGxcz9,5qarIzyobiPKOCDZvaWDIj,Relaxing Piano (Neoclassical Sessions),184220,61,Spheroidal,['Kalen Elmsley'],180767,2023-01-06 16:10,2022-08-19,[]
102,0YNtAadZvKBBEFARtfoCV8,0ODLCdHBFVvKwJGeSfd1jy,Hard To Imagine The Neighbourhood Ever Changing,167960,71,Compass,['The Neighbourhood'],139419,2023-01-06 16:13,2018-11-02,[]
103,4iCLo3ZjF6V1RW4Wz18KMz,5fpiyyKknRiCj5joBh4VA0,Praxedis,172813,60,Aufgang der Sonne,['Ploxxio'],168191,2023-01-06 16:15,2022-03-06,[]
104,025aQi6Ffw676y8m4zLPk7,30HSC1ogeWpwBZXroMTTDW,To the Rain,145620,59,To the Rain,['Anna Landström'],141955,2023-01-06 16:18,2022-05-20,[]
105,577YBGuskWkVDCxZrLRB4v,4iF44RCCybJtkBkMoqrLW2,Street Gossip,154023,82,Pure Cocaine,['Lil Baby'],115951,2023-01-06 16:20,2018-11-30,[]
106,0akRH0jXMDwwgVlTg8nyJH,21tRhVrfsE603drTwiWthE,Bagnàa Come I Trüt De Lagh,210613,27,Bagnàa Come I Trüt De Lagh,['Giovanni Turchini'],206062,2023-01-06 16:23,2020-10-16,[]
107,239W1Z795G2xYOqdrVLirv,6dT2UTUh4rYKFdakQ01sBc,The tree that I don't forget,198297,58,The tree that I don't forget,['Giuseppe Califano'],187268,2023-01-06 16:26,2022-05-13,[]
108,2kEk2uIKtoJD5r65cH7XBP,4YPmrvr0GCO4errUctduu7,Contemplate,173219,65,Silk,['Sleepwear'],148874,2023-01-06 16:29,2022-02-07,[]
109,4XhZgQHy6yNEB5M3NhZXAG,7nRhGhULaOo98BoVjYzzgD,Dear Buddy,132954,59,Dear Buddy,['Cinthya Garcia'],128398,2023-01-06 16:31,2022-05-06,[]
110,5e5tJl04Fp74oHxpsrC7Tk,0lvz7MO3PlK8QDxvvc35pN,Meditabundus,150000,60,Meditabundus,['Kellen Chase'],146362,2023-01-06 16:33,2022-04-27,[]
111,1IqWZERE8ZOVtgE3fmekFv,0wVbGonjdCw4QHcJ4HnRRM,Midnight Improvisations // Momenten,201000,47,vierde moment,['antinode'],195503,2023-01-06 16:36,2022-05-13,[]
112,14I5NCZR2Ml2egUlLPxSKL,7uU6IUooGwe60ajUtMfBy2,Stirling,128873,34,Stirling,['Olma'],114986,2023-01-06 16:38,2021-09-17,[]
113,0oufSLnKQDoBFX5mgkDCgR,03nFfkhtHqQZZqprep3G6r,Lost,158420,79,Trust,['Brent Faiyaz'],138346,2023-01-06 16:41,2018-10-19,[]
114,695BxK7VbbK6M4CRvtR5Sn,03ATVAe2XY1b6rZ7OGbMhw,Although,180635,59,Although,['Jane Avril'],171702,2023-01-06 16:43,2022-03-18,[]
115,13efPu5TlBN9X9oOo9ItBv,6plr80ML2wuePhF4AqR2bQ,Stardust,175844,59,Stardust,"['MrHeadA$$Trendy', 'Limbo']",242971,2023-01-06 16:47,2019-12-11,[]
116,0PQK5efczMVIIjScPRZYH5,14IZ6aHadzsKrNMnntwLb0,skeletons,171520,60,atlas,['keshi'],125404,2023-01-06 16:50,2019-07-16,[]
117,6zB9GWgc3mjxnqGgHAwvpU,4j3t73htSViFibVCVBpLr5,Different To Our Daily Lives,146960,57,Different To Our Daily Lives,['Justus Rümenapp'],138858,2023-01-06 16:52,2022-04-15,[]
118,4FpFfqoAlmkykj4E7nIhsZ,3OnOWPTEYMqhOn7SnFoyBO,Incandescence,117516,42,Incandescence,['Rebecca Leonard'],114956,2023-01-06 16:54,2020-01-07,[]
119,0acEauszFAvCGw9cNF0kZM,33iYingDDSa1X0iPiotQT8,Frozen Lakes,166890,53,Frozen Lakes,['Imber Sun'],117475,2023-01-06 16:56,2022-12-02,[]
120,7McExzjmhDI5NQ6l4D9XR9,6TsyjKCVz1FlcjwglzzbT9,Dismantle,135668,58,Remove The Complexities,['Peter Sandberg'],131751,2023-01-06 16:58,2016-06-17,[]
121,7inwDSpJOVDN9kUsi7JtqX,1x6OZLfOt7xNDGVU9Azcs7,The Door into Summer,182500,57,The Door into Summer,['Nora De Smet'],174139,2023-01-06 17:01,2022-04-01,[]
122,2POquMHNneRC4HApAiV2QA,5YgaRDfpuLueyi5hqncqLt,"Folsom Field, Boulder, CO 7/14/18 (Live)",795186,33,"Franklin's Tower - Live at Folsom Field, Boulder, CO, 7/14/2018",['Dead & Company'],198606,2023-01-06 17:04,2018-07-14,[]
123,2y6mh0Q1gZC7BKThkY92bh,3uLrSFrNqa8CULSIU7e9v5,Egypt Station,184678,26,Confidante,['Paul McCartney'],122399,2023-01-06 17:06,2018-09-07,[]
124,4Ev1LZ4uzjnSvDHpgdyBZK,5F0IQXuHfTV7SBvZVnXERl,The Division Bell,314960,56,Lost for Words,['Pink Floyd'],163728,2023-01-06 17:09,1994,[]
125,0BXq9t3wTA8HMqFPvGxZYf,2BkNgqpxRpu2lMH2yi0FJC,Sweet Redolence,114400,44,Sweet Redolence,['Cedric Armfeldt'],109145,2023-01-06 17:10,2020-08-07,[]
126,0XDv7SLyMkGcAnb12fMHa1,2fDm6GpssR8S6uQnDE4MKM,English Settlement,290667,50,Senses Working Overtime - Remastered 2001,['XTC'],122135,2023-01-06 17:12,1982-02-12,[]
127,36fYJLNnFHgCezJFMJD3NU,3WgXxpbEGWKMpg2CYcx6pL,Overdose D'Amore,332360,24,Il Volo,['Zucchero'],113228,2023-01-06 17:14,1999,[]
128,445KHitEvap0tspDZ3C78V,2yVjc4mMxopxCDyPDBP1Iq,Coulant,148500,62,Coulant,['Les Rêveries'],144741,2023-01-06 17:17,2022-03-04,[]
129,5G1xgH1zCwWF4f5aIOUksB,3dE84iT1GkIHixshI0twdV,Duality,124029,41,Valverde,['Jacques Ferrandi'],119290,2023-01-06 17:19,2020-06-15,[]
130,00I0pcNkN3IOX3fsYbaB4N,5XRCcUfwtLNQflDd9cfz4U,The Last Rocket,221892,59,Infatuation,['Takeoff'],150569,2023-01-06 17:21,2018-11-02,[]
131,6DQ0d8YVCs0wi1zHN0fedq,1jXegZ2mzIXJZHjlaD9NLf,About Coming and Leaving,127774,45,About Coming and Leaving,['Nils Frahm'],121855,2023-01-06 17:23,2021-03-10,[]
132,4wZWEuu89nlc6KVJgECTqx,1tbDmFJsaVNXDnatUzChs4,Zaupanje,145000,58,Zaupanje,['Valbona Ceferin'],142437,2023-01-06 17:26,2022-04-29,[]
133,3R0TQ0CK1KPse8hizZz476,6P0cJjPi0SSUPXX8rv3s9t,Castor / Pollux,142379,40,Pollux,['S.A. Karl'],136546,2023-01-06 17:28,2019-06-07,[]
134,73WwLsqz0sZQucwkeyybus,6ST5jKASoHoEU1T7pgq5cE,The Midnight Sun,178588,58,The Midnight Sun,['Hakone'],170744,2023-01-06 17:31,2022-05-20,[]
135,30HCB1FoE77IfGRyNv4eFq,2guirTSEqLizK7j9i1MTTZ,Nevermind (Remastered),255080,69,In Bloom,['Nirvana'],160274,2023-01-06 17:33,1991-09-26,[]
136,2aLgFG14lYLiV8YYziZI7Q,1l3v5h34S4SMNKFblH6pkr,Letting Go,181792,58,Letting Go,['Ron Adelaar'],176630,2023-01-06 17:36,2022-05-06,[]
137,4OI6jrwpj1xkejfp6R5uj2,4GbaledvjJ39zGpUtwB3pT,Pale Horizon,144770,58,"Hana, My Love",['Spencer Zahn'],132484,2023-01-06 17:38,2022-05-13,[]
138,6rvLFPlMaxi0kVdBJDdbUQ,4q5qxUovkv7VjfOfkLzHOU,Gaia (The Shape Of Piano To Come Vol. I),242924,23,Gaia - The Shape Of Piano To Come Vol. I,['Angel Ruediger'],213892,2023-01-06 17:42,2020-10-12,[]
139,5M9WoeUS6hg8b1YRWMFx0M,1kXMEkViaETUcA6KQNXuv4,Rannoch Moor,116000,41,Rannoch Moor,['Quinn MacKenzie'],112319,2023-01-06 17:44,2020-02-28,[]
140,2iOeUalTtkixjGZbwkEiGd,5o4AGZzBjLYVNupbR9GZFE,Monmartre,101579,42,Monmartre,['Serouj'],99774,2023-01-06 17:45,2019-01-29,[]
141,7jCRVvGKxzAMWDqIiW2T53,39pSeV5BLaPnUAQUtx6ww1,Preludes,139771,49,City Prelude,['Julius Nilsson'],137728,2023-01-06 17:48,2022-12-01,[]
142,31dgOyBLg64GEgdbsBjwXy,39eaolcUiLPvOYBVwfgIEx,The Blue Hour,285309,42,My Piano Night,['Federico Albanese'],262345,2023-01-06 17:52,2016-01-15,[]
143,2ITf0bqgdjdjFIwoVyJW7r,7CpCr4dd0czgA82c8BY8bc,Valzer della quiete,236000,26,Valzer della quiete,['Aiden Button'],226446,2023-01-06 17:56,2021-01-22,[]
144,5R1Bs4CW8kDoVFZpeuTQiy,2UF3PeBmkML3yJdCLVlclD,Golden Skies,72074,51,Kind Soul,"['Edwin Pearson', 'Peter Delafose', 'Fomadd']",195073,2023-01-06 17:59,2021-07-19,[]
145,2p5THyuNwpJ9c7ex3TN383,0nz4s5aDqAOYKdbogoo15X,Nowesind,119120,65,Nowesind,['Jacob David'],119120,2023-01-06 18:01,2022-02-25,[]
146,1sINJB2tVaHV5r3iKCACHv,3XJLsmXh2yyehGaUn0FWDC,Reframe,127109,59,Reframe,['Norman Dück'],127109,2023-01-06 18:03,2022-04-08,[]
147,1JQ6Xm1JrvHfvAqhl5pwaA,2tzbNCAUTmW4MIM2Ulvrwl,Commodores,256426,75,Easy,['Commodores'],4090,2023-01-06 18:09,1977-01-01,[]
148,0qemIQjSxcKyf42VPfZnfa,4vAhQeeWkSjVn0p5GAaLBx,How Can You Mend A Broken Heart,212800,74,"Night Fever - From ""Saturday Night Fever"" Soundtrack",['Bee Gees'],212800,2023-01-06 18:09,2020-12-11,[]
149,14Hg8gKCCboRLw0yXpcrMV,6siJjSXj7shJrMIKY1yMzE,Sweet Harmony,162310,60,Sweet Harmony,"['Plastik Funk', 'Dario Trapani', 'Ivan Cappello', 'Sh3']",4827,2023-01-06 18:09,2022-01-21,[]
150,3ZSqMer9RLSglvi18bWXYV,1PjYHybPrB6rU3qABrNldm,Berlin Calling (The Soundtrack by Paul Kalkbrenner),230500,68,Sky and Sand,"['Paul Kalkbrenner', 'Fritz Kalkbrenner']",230500,2023-01-06 18:13,2013-07-12,[]
151,5vmRQ3zELMLUQPo2FLQ76x,6OMYQUITdN6wBaWfEtgooI,The Age of Consent,302413,74,Smalltown Boy,['Bronski Beat'],302413,2023-01-06 18:18,1984-10-15,[]
152,5ubvP9oKmxLUVq506fgLhk,4vAhQeeWkSjVn0p5GAaLBx,How Can You Mend A Broken Heart,285373,80,Stayin Alive,['Bee Gees'],285373,2023-01-06 18:23,2020-12-11,[]
153,2tHiQoEBpbwpoPJQ435LJ8,7yph4dnSdjHs2ke5ZZU2Lu,Dedicated To The Moon,290866,20,Easy Lady,['Ivana Spagna'],71611,2023-01-06 18:24,1998-04-07,[]
154,2Wb9ejnmy27DUTUe9YF5Ew,1W1b52vaEcE3wfWk4WQH6q,The Definitive Collection,260426,60,All Night Long (All Night) - Single Version,['Lionel Richie'],6970,2023-01-06 18:25,2003,[]
155,2cX2coZS1PYBfPs8wgbdWE,4vAhQeeWkSjVn0p5GAaLBx,How Can You Mend A Broken Heart,196213,76,More Than A Woman,['Bee Gees'],2560,2023-01-06 18:25,2020-12-11,[]
156,2WfaOiMkCvy7F5fcp2zZ8L,1ER3B6zev5JEAaqhnyyfbf,Hunting High and Low,225280,86,Take on Me,['a-ha'],19020,2023-01-06 18:25,1985-06-01,[]
157,4xtYHxx1Gzb5vxlY3sVICD,4NL19dugdmwp27q1oBaFiv,L'Incredibile Peppino Di Capri,135720,43,Saint-Tropez Twist,['Peppino Di Capri'],27890,2023-01-06 18:25,1958-11-26,[]
158,53PlbcGzLTx65vjaS6tG0N,3g5K7IOTOSY6nIfu7lj562,Ready For Romance,230000,60,Atlantis Is Calling (S.O.S. for Love),['Modern Talking'],5900,2023-01-06 18:25,1986,[]
159,0v1XpBHnsbkCn7iJ9Ucr1l,0Q9SljCrM0CL0bR23MuP69,Crush,224493,80,It's My Life,['Bon Jovi'],13650,2023-01-06 18:26,2000-01-01,[]
160,7rWgGyRK7RAqAAXy4bLft9,7iLuHJkrb9KHPkMgddYigh,Voulez-Vous,260893,75,Angeleyes,['ABBA'],780,2023-01-06 18:26,1979,[]
161,7pgFHs8K5OgB9PGDY3sysE,2ujt9WEAr3yiAMtQHHkyC4,7,346240,60,Feed Your Head,['Paul Kalkbrenner'],346240,2023-01-06 18:31,2015-08-07,[]
162,7pgFHs8K5OgB9PGDY3sysE,2ujt9WEAr3yiAMtQHHkyC4,7,346240,60,Feed Your Head,['Paul Kalkbrenner'],438792,2023-01-06 18:39,2015-08-07,[]
163,7pgFHs8K5OgB9PGDY3sysE,2ujt9WEAr3yiAMtQHHkyC4,7,346240,60,Feed Your Head,['Paul Kalkbrenner'],346240,2023-01-06 18:44,2015-08-07,[]
164,7pgFHs8K5OgB9PGDY3sysE,2ujt9WEAr3yiAMtQHHkyC4,7,346240,60,Feed Your Head,['Paul Kalkbrenner'],346240,2023-01-06 18:50,2015-08-07,[]
165,7pgFHs8K5OgB9PGDY3sysE,2ujt9WEAr3yiAMtQHHkyC4,7,346240,60,Feed Your Head,['Paul Kalkbrenner'],346240,2023-01-06 18:56,2015-08-07,[]
166,7pgFHs8K5OgB9PGDY3sysE,2ujt9WEAr3yiAMtQHHkyC4,7,346240,60,Feed Your Head,['Paul Kalkbrenner'],163469,2023-01-06 18:59,2015-08-07,[]
167,20HCH8XT2EK1QYe1loAJ8E,54vSb9255iZKykjuytWbZh,Play Me Again,390638,65,Moon (And It Went Like),"['Kid Francescoli', 'Julia Minkin']",440228,2023-01-06 19:06,2017-03-03,[]
168,20HCH8XT2EK1QYe1loAJ8E,54vSb9255iZKykjuytWbZh,Play Me Again,390638,65,Moon (And It Went Like),"['Kid Francescoli', 'Julia Minkin']",390638,2023-01-06 19:12,2017-03-03,[]
169,20HCH8XT2EK1QYe1loAJ8E,54vSb9255iZKykjuytWbZh,Play Me Again,390638,65,Moon (And It Went Like),"['Kid Francescoli', 'Julia Minkin']",114788,2023-01-06 19:27,2017-03-03,[]
170,6nqq13r13sPOS7C3ydOi7L,6FoaIAh5ydGk4iEk32ECpk,Quasar,250604,50,Quasar,['Tevvez'],352215,2023-01-06 19:33,2021-06-07,[]
171,5Z8Dj3LtbyCMiwE86rhg2f,6o86bV7TAt5x4exc2qLDqC,Actual Life (April 14 - December 17 2020),285375,73,Marea (we’ve lost dancing),"['Fred again..', 'The Blessed Madonna']",6559,2023-01-06 19:42,2021-04-15,[]
172,4NZdu1A7BaLDXFmoAvazPS,1HBOLQ0QoDkGDGnjhfdzPy,The Turn,138253,51,Surface Waves,['Ben Crosland'],43051,2023-01-06 19:43,2020-06-19,[]
173,5Z8Dj3LtbyCMiwE86rhg2f,6o86bV7TAt5x4exc2qLDqC,Actual Life (April 14 - December 17 2020),285375,73,Marea (we’ve lost dancing),"['Fred again..', 'The Blessed Madonna']",1625,2023-01-07 07:05,2021-04-15,[]
174,0qemIQjSxcKyf42VPfZnfa,4vAhQeeWkSjVn0p5GAaLBx,How Can You Mend A Broken Heart,212800,74,"Night Fever - From ""Saturday Night Fever"" Soundtrack",['Bee Gees'],5387,2023-01-07 07:05,2020-12-11,[]
175,6nqq13r13sPOS7C3ydOi7L,6FoaIAh5ydGk4iEk32ECpk,Quasar,250604,50,Quasar,['Tevvez'],352215,2023-01-07 07:12,2021-06-07,[]
176,5Z8Dj3LtbyCMiwE86rhg2f,6o86bV7TAt5x4exc2qLDqC,Actual Life (April 14 - December 17 2020),285375,73,Marea (we’ve lost dancing),"['Fred again..', 'The Blessed Madonna']",200872,2023-01-07 07:24,2021-04-15,[]
177,5Gm2tHCFTzb0vHZfReSr5f,4RWOkpGgca2uscV8PX9CeR,Silfur,211440,47,Opus 18 - Silfur Version,"[""Dustin O'Halloran""]",200179,2023-01-07 08:31,2021-06-11,[]
178,6JmgdhklkWQBWZBhh8Too2,1vj9YCKCsagqPUV5rdfDVX,Crossing Paths,178958,47,Crossing Paths,['Lake Isabel'],174270,2023-01-07 08:34,2020-07-24,[]
179,2p5THyuNwpJ9c7ex3TN383,0nz4s5aDqAOYKdbogoo15X,Nowesind,119120,65,Nowesind,['Jacob David'],429,2023-01-07 08:35,2022-02-25,[]
180,3iTkd7x5X2LIVKu7JNwqHR,2KOI69X6VG66offffHQvjg,The Pious Bird of Good Omen,191106,55,Albatross - 2018 Master,['Fleetwood Mac'],278,2023-01-07 08:35,1969-08-15,[]
181,3iTkd7x5X2LIVKu7JNwqHR,2KOI69X6VG66offffHQvjg,The Pious Bird of Good Omen,191106,55,Albatross - 2018 Master,['Fleetwood Mac'],25620,2023-01-07 08:35,1969-08-15,[]
182,6JmgdhklkWQBWZBhh8Too2,1vj9YCKCsagqPUV5rdfDVX,Crossing Paths,178958,47,Crossing Paths,['Lake Isabel'],174270,2023-01-07 08:38,2020-07-24,[]
183,3iTkd7x5X2LIVKu7JNwqHR,2KOI69X6VG66offffHQvjg,The Pious Bird of Good Omen,191106,55,Albatross - 2018 Master,['Fleetwood Mac'],148837,2023-01-07 08:40,1969-08-15,[]
184,2p5THyuNwpJ9c7ex3TN383,0nz4s5aDqAOYKdbogoo15X,Nowesind,119120,65,Nowesind,['Jacob David'],112331,2023-01-07 08:42,2022-02-25,[]
185,70pC9IQb39VDNUm3Uio5kD,0sHbXMgCDveBs71HiIJulB,Petites danses et rêveries,146090,68,Un sourire et une larme (valse),['Tom Kristiaan'],140372,2023-01-07 08:44,2022-05-20,[]
186,7Jrx30VldPaujIaP3c2SJn,75lQPJlmH7f4DlqyOpemjO,Un Cadeau,157077,57,Un Cadeau,['Nel Swerts'],153478,2023-01-07 08:47,2022-02-18,[]
187,5vz0Vls8TbtlI58CHQrIpb,08ACq6XiMkbZr3pouk4piJ,Träumerei,127250,62,Träumerei,['Jørg Sorensen'],126131,2023-01-07 08:49,2021-10-08,[]
188,6axlKJ7OnW6zxM16Hxwbb0,1ZwWzrEoQskuYYnN9bMXgB,Solace,151764,69,Solace,['Claire Lerdier'],114017,2023-01-07 08:51,2022-12-09,[]
189,3y3GMygxjeZ8VQDfEoyKh7,6Djgy4mo37pXQgBsLrdFYj,As I Dream,184583,62,As I Dream,['Johannes Bornlöf'],178601,2023-01-07 08:54,2022-05-13,[]
190,7fBv7CLKzipRk6EC6TWHOB,0P3oVJBFOv3TDXlYRhGL7s,Beauty Behind The Madness,242253,87,The Hills,['The Weeknd'],160067,2023-01-07 08:56,2015-08-28,[]
191,5RrvMr9cuBvmINeTDJvTYH,3Z0iahrofwT3yOgryg08wR,Ostern - Klassische Musik,136706,2,"Prelude and Fugue in C Major, BWV 846: I. Prelude","['Johann Sebastian Bach', 'Fazıl Say']",164795,2023-01-07 08:59,2023-03-27,[]
192,0RdeSJMPOXBb8a1MmEP7Fq,5mxzoB3Xja5f0sVuI1nsv3,Svaj,146812,59,Svaj,['Jacob David'],139262,2023-01-07 09:01,2022-04-22,[]
193,2POquMHNneRC4HApAiV2QA,5YgaRDfpuLueyi5hqncqLt,"Folsom Field, Boulder, CO 7/14/18 (Live)",795186,33,"Franklin's Tower - Live at Folsom Field, Boulder, CO, 7/14/2018",['Dead & Company'],198610,2023-01-07 09:05,2018-07-14,[]
194,6nEtaXKHUnrcbTjagD9mXC,4lvsDfnDzSQ5SbV8vAGMW9,Silverfog,156014,58,Silverfog,['Claudio Polle'],152283,2023-01-07 09:07,2022-01-02,[]
195,4OXMONKgLmW0FZGU6Sm7Hf,1XhIG4rUpR4cNXiegHFsU7,Sunlight Sadness,151479,58,Sunlight Sadness,['Højsgaard'],145263,2023-01-07 09:10,2022-03-25,[]
196,13efPu5TlBN9X9oOo9ItBv,6plr80ML2wuePhF4AqR2bQ,Stardust,175844,59,Stardust,"['MrHeadA$$Trendy', 'Limbo']",242977,2023-01-07 09:14,2019-12-11,[]
197,1sINJB2tVaHV5r3iKCACHv,3XJLsmXh2yyehGaUn0FWDC,Reframe,127109,59,Reframe,['Norman Dück'],124617,2023-01-07 09:16,2022-04-08,[]
198,63oFS9JTsvadCXUqwqA7p0,74x8LKWeBPXDJxB0IDlCep,Shizukana,131786,67,Shizukana,['Isshi Matsuriza'],128635,2023-01-07 09:18,2022-04-08,[]
199,0sCPbmOcdRcTWVDjHh22id,6vtn108mEHEwVw0Lu1I4HO,Hour of Rest,112653,60,Hour of Rest,['William Cas'],107764,2023-01-07 09:20,2021-10-01,[]
200,6DQ0d8YVCs0wi1zHN0fedq,1jXegZ2mzIXJZHjlaD9NLf,About Coming and Leaving,127774.0,45.0,About Coming and Leaving,['Nils Frahm'],121696.0,2023-01-07 09:22,2021-03-10,[]
201,4ngpD9qM5EinF3KKKoyZDB,4jKT4QSTMTuHh7LmMzUtNb,The New Life,138598.0,59.0,The New Life,['Lemos'],130316.0,2023-01-07 09:24,2022-05-13,[]
202,2XPxkVgxyj4QVaW78kS5vb,2RtrUW1IaYnI9OAVN4XGDY,Estelle,118500.0,63.0,Estelle,['Doris Casella'],115053.0,2023-01-07 09:26,2022-05-06,[]
203,36fYJLNnFHgCezJFMJD3NU,3WgXxpbEGWKMpg2CYcx6pL,Overdose D'Amore,332360.0,24.0,Il Volo,['Zucchero'],113239.0,2023-01-07 09:28,1999,[]
204,3iyH2B4dcjufYE0ZjiUZsC,4UGoF6BHCz2xclaI3J74Zf,Ex Nihilo Nihil Fit,155374.0,38.0,Ex Nihilo Nihil Fit,['Elder Lockhart'],140157.0,2023-01-07 09:30,2020-03-27,[]
205,1IqWZERE8ZOVtgE3fmekFv,0wVbGonjdCw4QHcJ4HnRRM,Midnight Improvisations // Momenten,201000.0,47.0,vierde moment,['antinode'],195508.0,2023-01-07 09:33,2022-05-13,[]
206,2yZU1Y2Zagb4Ymm5gK72ab,2FSycLXewsbnvoqm6F5oKv,Homestead,162250.0,50.0,Homestead,['Chris Donner'],152651.0,2023-01-07 09:57,2022-02-25,[]
207,6nqq13r13sPOS7C3ydOi7L,6FoaIAh5ydGk4iEk32ECpk,Quasar,250604.0,50.0,Quasar,['Tevvez'],352215.0,2023-01-07 10:03,2021-06-07,[]
208,5Z8Dj3LtbyCMiwE86rhg2f,6o86bV7TAt5x4exc2qLDqC,Actual Life (April 14 - December 17 2020),285375.0,73.0,Marea (we’ve lost dancing),"['Fred again..', 'The Blessed Madonna']",285375.0,2023-01-07 10:08,2021-04-15,[]
209,0qemIQjSxcKyf42VPfZnfa,4vAhQeeWkSjVn0p5GAaLBx,How Can You Mend A Broken Heart,212800.0,74.0,"Night Fever - From ""Saturday Night Fever"" Soundtrack",['Bee Gees'],212800.0,2023-01-07 10:11,2020-12-11,[]
210,14Hg8gKCCboRLw0yXpcrMV,6siJjSXj7shJrMIKY1yMzE,Sweet Harmony,162310.0,60.0,Sweet Harmony,"['Plastik Funk', 'Dario Trapani', 'Ivan Cappello', 'Sh3']",301466.0,2023-01-07 10:16,2022-01-21,[]
211,1JQ6Xm1JrvHfvAqhl5pwaA,2tzbNCAUTmW4MIM2Ulvrwl,Commodores,256426.0,75.0,Easy,['Commodores'],63936.0,2023-01-07 10:17,1977-01-01,[]
212,6nqq13r13sPOS7C3ydOi7L,6FoaIAh5ydGk4iEk32ECpk,Quasar,250604.0,50.0,Quasar,['Tevvez'],373253.0,2023-01-07 10:24,2021-06-07,[]
213,5Z8Dj3LtbyCMiwE86rhg2f,6o86bV7TAt5x4exc2qLDqC,Actual Life (April 14 - December 17 2020),285375.0,73.0,Marea (we’ve lost dancing),"['Fred again..', 'The Blessed Madonna']",285375.0,2023-01-07 10:28,2021-04-15,[]
214,0qemIQjSxcKyf42VPfZnfa,4vAhQeeWkSjVn0p5GAaLBx,How Can You Mend A Broken Heart,212800.0,74.0,"Night Fever - From ""Saturday Night Fever"" Soundtrack",['Bee Gees'],198302.0,2023-01-07 10:32,2020-12-11,[]
215,14Hg8gKCCboRLw0yXpcrMV,6siJjSXj7shJrMIKY1yMzE,Sweet Harmony,162310.0,60.0,Sweet Harmony,"['Plastik Funk', 'Dario Trapani', 'Ivan Cappello', 'Sh3']",45139.0,2023-01-07 10:33,2022-01-21,[]
216,6nqq13r13sPOS7C3ydOi7L,6FoaIAh5ydGk4iEk32ECpk,Quasar,250604.0,50.0,Quasar,['Tevvez'],352215.0,2023-01-07 10:38,2021-06-07,[]
217,5Z8Dj3LtbyCMiwE86rhg2f,6o86bV7TAt5x4exc2qLDqC,Actual Life (April 14 - December 17 2020),285375.0,73.0,Marea (we’ve lost dancing),"['Fred again..', 'The Blessed Madonna']",77136.0,2023-01-07 10:40,2021-04-15,[]
218,5Gm2tHCFTzb0vHZfReSr5f,4RWOkpGgca2uscV8PX9CeR,Silfur,211440.0,47.0,Opus 18 - Silfur Version,"[""Dustin O'Halloran""]",200179.0,2023-01-07 16:45,2021-06-11,[]
219,6JmgdhklkWQBWZBhh8Too2,1vj9YCKCsagqPUV5rdfDVX,Crossing Paths,178958.0,47.0,Crossing Paths,['Lake Isabel'],174270.0,2023-01-07 16:48,2020-07-24,[]
220,3iTkd7x5X2LIVKu7JNwqHR,2KOI69X6VG66offffHQvjg,The Pious Bird of Good Omen,191106.0,55.0,Albatross - 2018 Master,['Fleetwood Mac'],148837.0,2023-01-07 16:50,1969-08-15,[]
221,2p5THyuNwpJ9c7ex3TN383,0nz4s5aDqAOYKdbogoo15X,Nowesind,119120.0,65.0,Nowesind,['Jacob David'],112331.0,2023-01-07 16:52,2022-02-25,[]
222,70pC9IQb39VDNUm3Uio5kD,0sHbXMgCDveBs71HiIJulB,Petites danses et rêveries,146090.0,68.0,Un sourire et une larme (valse),['Tom Kristiaan'],140372.0,2023-01-07 16:54,2022-05-20,[]
223,7Jrx30VldPaujIaP3c2SJn,75lQPJlmH7f4DlqyOpemjO,Un Cadeau,157077.0,57.0,Un Cadeau,['Nel Swerts'],153478.0,2023-01-07 16:57,2022-02-18,[]
224,5vz0Vls8TbtlI58CHQrIpb,08ACq6XiMkbZr3pouk4piJ,Träumerei,127250.0,62.0,Träumerei,['Jørg Sorensen'],126131.0,2023-01-07 16:59,2021-10-08,[]
225,6axlKJ7OnW6zxM16Hxwbb0,1ZwWzrEoQskuYYnN9bMXgB,Solace,151764.0,69.0,Solace,['Claire Lerdier'],114017.0,2023-01-07 17:01,2022-12-09,[]
226,3y3GMygxjeZ8VQDfEoyKh7,6Djgy4mo37pXQgBsLrdFYj,As I Dream,184583.0,62.0,As I Dream,['Johannes Bornlöf'],178601.0,2023-01-07 17:04,2022-05-13,[]
227,7fBv7CLKzipRk6EC6TWHOB,0P3oVJBFOv3TDXlYRhGL7s,Beauty Behind The Madness,242253.0,87.0,The Hills,['The Weeknd'],160067.0,2023-01-07 17:07,2015-08-28,[]
228,5RrvMr9cuBvmINeTDJvTYH,3Z0iahrofwT3yOgryg08wR,Ostern - Klassische Musik,136706.0,2.0,"Prelude and Fugue in C Major, BWV 846: I. Prelude","['Johann Sebastian Bach', 'Fazıl Say']",164795.0,2023-01-07 17:09,2023-03-27,[]
229,0RdeSJMPOXBb8a1MmEP7Fq,5mxzoB3Xja5f0sVuI1nsv3,Svaj,146812.0,59.0,Svaj,['Jacob David'],139262.0,2023-01-07 17:12,2022-04-22,[]
230,2POquMHNneRC4HApAiV2QA,5YgaRDfpuLueyi5hqncqLt,"Folsom Field, Boulder, CO 7/14/18 (Live)",795186.0,33.0,"Franklin's Tower - Live at Folsom Field, Boulder, CO, 7/14/2018",['Dead & Company'],198610.0,2023-01-07 17:15,2018-07-14,[]
231,6nEtaXKHUnrcbTjagD9mXC,4lvsDfnDzSQ5SbV8vAGMW9,Silverfog,156014.0,58.0,Silverfog,['Claudio Polle'],152283.0,2023-01-07 17:17,2022-01-02,[]
232,4OXMONKgLmW0FZGU6Sm7Hf,1XhIG4rUpR4cNXiegHFsU7,Sunlight Sadness,151479.0,58.0,Sunlight Sadness,['Højsgaard'],145263.0,2023-01-07 17:20,2022-03-25,[]
233,13efPu5TlBN9X9oOo9ItBv,6plr80ML2wuePhF4AqR2bQ,Stardust,175844.0,59.0,Stardust,"['MrHeadA$$Trendy', 'Limbo']",242977.0,2023-01-07 17:24,2019-12-11,[]
234,1sINJB2tVaHV5r3iKCACHv,3XJLsmXh2yyehGaUn0FWDC,Reframe,127109.0,59.0,Reframe,['Norman Dück'],124617.0,2023-01-07 17:26,2022-04-08,[]
235,63oFS9JTsvadCXUqwqA7p0,74x8LKWeBPXDJxB0IDlCep,Shizukana,131786.0,67.0,Shizukana,['Isshi Matsuriza'],128635.0,2023-01-07 17:28,2022-04-08,[]
236,0sCPbmOcdRcTWVDjHh22id,6vtn108mEHEwVw0Lu1I4HO,Hour of Rest,112653.0,60.0,Hour of Rest,['William Cas'],107764.0,2023-01-07 17:30,2021-10-01,[]
237,6DQ0d8YVCs0wi1zHN0fedq,1jXegZ2mzIXJZHjlaD9NLf,About Coming and Leaving,127774.0,45.0,About Coming and Leaving,['Nils Frahm'],121696.0,2023-01-07 17:32,2021-03-10,[]
238,4ngpD9qM5EinF3KKKoyZDB,4jKT4QSTMTuHh7LmMzUtNb,The New Life,138598.0,59.0,The New Life,['Lemos'],130316.0,2023-01-07 17:34,2022-05-13,[]
239,2XPxkVgxyj4QVaW78kS5vb,2RtrUW1IaYnI9OAVN4XGDY,Estelle,118500.0,63.0,Estelle,['Doris Casella'],115053.0,2023-01-07 17:36,2022-05-06,[]
240,36fYJLNnFHgCezJFMJD3NU,3WgXxpbEGWKMpg2CYcx6pL,Overdose D'Amore,332360.0,24.0,Il Volo,['Zucchero'],113239.0,2023-01-07 17:38,1999,[]
241,3iyH2B4dcjufYE0ZjiUZsC,4UGoF6BHCz2xclaI3J74Zf,Ex Nihilo Nihil Fit,155374.0,38.0,Ex Nihilo Nihil Fit,['Elder Lockhart'],140157.0,2023-01-07 17:40,2020-03-27,[]
242,1IqWZERE8ZOVtgE3fmekFv,0wVbGonjdCw4QHcJ4HnRRM,Midnight Improvisations // Momenten,201000.0,47.0,vierde moment,['antinode'],195508.0,2023-01-07 17:43,2022-05-13,[]
243,2yZU1Y2Zagb4Ymm5gK72ab,2FSycLXewsbnvoqm6F5oKv,Homestead,162250.0,50.0,Homestead,['Chris Donner'],157959.0,2023-01-07 17:46,2022-02-25,[]
244,239W1Z795G2xYOqdrVLirv,6dT2UTUh4rYKFdakQ01sBc,The tree that I don't forget,198297.0,58.0,The tree that I don't forget,['Giuseppe Califano'],187279.0,2023-01-07 17:49,2022-05-13,[]
245,0akRH0jXMDwwgVlTg8nyJH,21tRhVrfsE603drTwiWthE,Bagnàa Come I Trüt De Lagh,210613.0,27.0,Bagnàa Come I Trüt De Lagh,['Giovanni Turchini'],206025.0,2023-01-07 17:53,2020-10-16,[]
246,5YZpHsggUWJwLirje3LvqH,1BgkRFDTCvBMxIZyMW8cnf,Alla fine insieme (Together at Last),128015.0,48.0,Alla fine insieme (Together at Last),['Guiseppe Amilcare'],121694.0,2023-01-07 17:55,2020-06-26,[]
248,6zB9GWgc3mjxnqGgHAwvpU,4j3t73htSViFibVCVBpLr5,Different To Our Daily Lives,146960.0,57.0,Different To Our Daily Lives,['Justus Rümenapp'],138814.0,2023-01-07 18:00,2022-04-15,[]
249,7EL9YtzL4qYOcxYlf4mbVi,2zXp7huP6HGVldywEC6arL,Yours to Break,211826.0,52.0,Wintergreen,['The East Pointers'],180537.0,2023-01-07 18:03,2019-10-25,[]
250,00I0pcNkN3IOX3fsYbaB4N,5XRCcUfwtLNQflDd9cfz4U,The Last Rocket,221892.0,59.0,Infatuation,['Takeoff'],150520.0,2023-01-07 18:05,2018-11-02,[]
251,31dgOyBLg64GEgdbsBjwXy,39eaolcUiLPvOYBVwfgIEx,The Blue Hour,285309.0,42.0,My Piano Night,['Federico Albanese'],261928.0,2023-01-07 18:10,2016-01-15,[]
252,2aLgFG14lYLiV8YYziZI7Q,1l3v5h34S4SMNKFblH6pkr,Letting Go,181792.0,58.0,Letting Go,['Ron Adelaar'],176612.0,2023-01-07 18:12,2022-05-06,[]
253,14I5NCZR2Ml2egUlLPxSKL,7uU6IUooGwe60ajUtMfBy2,Stirling,128873.0,34.0,Stirling,['Olma'],114988.0,2023-01-07 18:15,2021-09-17,[]
254,0PQK5efczMVIIjScPRZYH5,14IZ6aHadzsKrNMnntwLb0,skeletons,171520.0,60.0,atlas,['keshi'],205433.0,2023-01-07 18:19,2019-07-16,[]
255,025aQi6Ffw676y8m4zLPk7,30HSC1ogeWpwBZXroMTTDW,To the Rain,145620.0,59.0,To the Rain,['Anna Landström'],124730.0,2023-01-07 18:21,2022-05-20,[]
256,0PQK5efczMVIIjScPRZYH5,14IZ6aHadzsKrNMnntwLb0,skeletons,171520.0,60.0,atlas,['keshi'],125402.0,2023-01-07 18:23,2019-07-16,[]
257,025aQi6Ffw676y8m4zLPk7,30HSC1ogeWpwBZXroMTTDW,To the Rain,145620.0,59.0,To the Rain,['Anna Landström'],141974.0,2023-01-07 18:26,2022-05-20,[]
258,2HwCcCi8Up9NECNBRt0yTV,1Vhx6ow2PDJROoX3ND5dEy,Hideaway,148906.0,63.0,Hideaway,['Igulfrid'],146811.0,2023-01-07 18:28,2022-04-15,[]
259,7inwDSpJOVDN9kUsi7JtqX,1x6OZLfOt7xNDGVU9Azcs7,The Door into Summer,182500.0,57.0,The Door into Summer,['Nora De Smet'],174102.0,2023-01-07 18:31,2022-04-01,[]
260,4FpFfqoAlmkykj4E7nIhsZ,3OnOWPTEYMqhOn7SnFoyBO,Incandescence,117516.0,42.0,Incandescence,['Rebecca Leonard'],116218.0,2023-01-07 18:33,2020-01-07,[]
261,00PnFrg2QQzPqkeuxGxcz9,5qarIzyobiPKOCDZvaWDIj,Relaxing Piano (Neoclassical Sessions),184220.0,61.0,Spheroidal,['Kalen Elmsley'],90372.0,2023-01-07 19:30,2022-08-19,[]
262,3H6wIwh1C3GVJI0LaWQF7P,7qjUhEzcxbmZWEn37zHXpQ,Nuda10 (Deluxe Edition),193200.0,57.0,Movimento lento (feat. Federico Rossi),"['Annalisa', 'Federico Rossi']",1728.0,2023-01-07 21:36,2021-05-28,[]
263,6nqq13r13sPOS7C3ydOi7L,6FoaIAh5ydGk4iEk32ECpk,Quasar,250604.0,50.0,Quasar,['Tevvez'],51020.0,2023-01-07 21:36,2021-06-07,[]
264,3zNSti1KhGpc41OkIgaoAU,3MPf9wBgk2fXbexm7O4aZ9,Cristina d'Avena e i tuoi amici in tv 16,202346.0,43.0,Occhi di gatto,"[""Cristina D'Avena""]",2218.0,2023-01-07 21:36,2003-01-01,[]
265,0VaAFGI6ZFi637B88RXER9,2gPCBzUYP5gqrQVOxcWBj9,L'appuntamento (U-Gin Remix),199180.0,35.0,L'appuntamento - U-Gin Remix,"['U-gin', 'Ralph Noah']",1173.0,2023-01-07 21:36,2020-03-27,[]
266,1gNSThAxG12sfYZqFrF6D0,2c3STCptiiVlvtUh1B5XyY,Modalità Aereo,201334.0,0.0,Bellissima,['Annalisa'],8341.0,2023-01-07 21:36,2023-03-31,[]
267,5PnEkOUOFnk0wMI71JwddQ,6zP8t0J8Ue5YpWl4vAEEYm,Del Mio Meglio,274000.0,62.0,L'appuntamento,['Ornella Vanoni'],258001.0,2023-01-07 21:41,1996-04-29,[]
268,0hY9VCCsjoASkTdbjVfhWi,4ctUj3APRsMaL4EXNkzfrC,Aquí las Colombianas,173874.0,40.0,Aquí las Colombianas,['BADDIES ONLY'],173874.0,2023-01-07 21:44,2020-11-13,[]
269,78Sw5GDo6AlGwTwanjXbGh,0OuoHWf8yB0TPzoBWw1R1S,Here With Me,242484.0,94.0,Here With Me,['d4vd'],221999.0,2023-01-07 21:49,2022-09-22,[]
270,4zN21mbAuaD0WqtmaTZZeP,6moZ4sNThthUAwCklyuPY8,Ferrari,186661.0,85.0,Ferrari,"['James Hype', 'Miggy Dela Rosa']",186661.0,2023-01-07 21:52,2022-04-01,[]
271,4KlL5Bwlm4yHYxr0B2rHci,0Gf1yE895FKK4YWVRuAeg8,Long Way Down (Deluxe),193080.0,73.0,Heal,['Tom Odell'],193080.0,2023-01-07 21:55,2013-06-24,[]
272,3JvKfv6T31zO0ini8iNItO,0Gf1yE895FKK4YWVRuAeg8,Long Way Down (Deluxe),244360.0,92.0,Another Love,['Tom Odell'],32244.0,2023-01-08 02:35,2013-06-24,[]
273,6nqq13r13sPOS7C3ydOi7L,6FoaIAh5ydGk4iEk32ECpk,Quasar,250604.0,50.0,Quasar,['Tevvez'],418031.0,2023-01-09 10:01,2021-06-07,[]
274,5Z8Dj3LtbyCMiwE86rhg2f,6o86bV7TAt5x4exc2qLDqC,Actual Life (April 14 - December 17 2020),285375.0,73.0,Marea (we’ve lost dancing),"['Fred again..', 'The Blessed Madonna']",144762.0,2023-01-09 10:05,2021-04-15,[]
275,00PnFrg2QQzPqkeuxGxcz9,5qarIzyobiPKOCDZvaWDIj,Relaxing Piano (Neoclassical Sessions),184220.0,61.0,Spheroidal,['Kalen Elmsley'],91639.0,2023-01-09 10:29,2022-08-19,[]
276,70pC9IQb39VDNUm3Uio5kD,0sHbXMgCDveBs71HiIJulB,Petites danses et rêveries,146090.0,68.0,Un sourire et une larme (valse),['Tom Kristiaan'],140356.0,2023-01-09 10:32,2022-05-20,[]
277,6JmgdhklkWQBWZBhh8Too2,1vj9YCKCsagqPUV5rdfDVX,Crossing Paths,178958.0,47.0,Crossing Paths,['Lake Isabel'],174272.0,2023-01-09 10:34,2020-07-24,[]
278,3y3GMygxjeZ8VQDfEoyKh7,6Djgy4mo37pXQgBsLrdFYj,As I Dream,184583.0,62.0,As I Dream,['Johannes Bornlöf'],178595.0,2023-01-09 10:37,2022-05-13,[]
279,5Gm2tHCFTzb0vHZfReSr5f,4RWOkpGgca2uscV8PX9CeR,Silfur,211440.0,47.0,Opus 18 - Silfur Version,"[""Dustin O'Halloran""]",200181.0,2023-01-09 10:41,2021-06-11,[]
280,7Jrx30VldPaujIaP3c2SJn,75lQPJlmH7f4DlqyOpemjO,Un Cadeau,157077.0,57.0,Un Cadeau,['Nel Swerts'],153480.0,2023-01-09 10:43,2022-02-18,[]
281,7fBv7CLKzipRk6EC6TWHOB,0P3oVJBFOv3TDXlYRhGL7s,Beauty Behind The Madness,242253.0,87.0,The Hills,['The Weeknd'],160075.0,2023-01-09 10:46,2015-08-28,[]
282,1sINJB2tVaHV5r3iKCACHv,3XJLsmXh2yyehGaUn0FWDC,Reframe,127109.0,59.0,Reframe,['Norman Dück'],124613.0,2023-01-09 10:48,2022-04-08,[]
283,0akRH0jXMDwwgVlTg8nyJH,21tRhVrfsE603drTwiWthE,Bagnàa Come I Trüt De Lagh,210613.0,27.0,Bagnàa Come I Trüt De Lagh,['Giovanni Turchini'],206080.0,2023-01-09 10:51,2020-10-16,[]
284,7jCRVvGKxzAMWDqIiW2T53,39pSeV5BLaPnUAQUtx6ww1,Preludes,139771.0,49.0,City Prelude,['Julius Nilsson'],137761.0,2023-01-09 10:54,2022-12-01,[]
285,63oFS9JTsvadCXUqwqA7p0,74x8LKWeBPXDJxB0IDlCep,Shizukana,131786.0,67.0,Shizukana,['Isshi Matsuriza'],128634.0,2023-01-09 10:56,2022-04-08,[]
286,5RrvMr9cuBvmINeTDJvTYH,3Z0iahrofwT3yOgryg08wR,Ostern - Klassische Musik,136706.0,2.0,"Prelude and Fugue in C Major, BWV 846: I. Prelude","['Johann Sebastian Bach', 'Fazıl Say']",164794.0,2023-01-09 10:58,2023-03-27,[]
287,2yZU1Y2Zagb4Ymm5gK72ab,2FSycLXewsbnvoqm6F5oKv,Homestead,162250.0,50.0,Homestead,['Chris Donner'],157960.0,2023-01-09 11:01,2022-02-25,[]
288,0acEauszFAvCGw9cNF0kZM,33iYingDDSa1X0iPiotQT8,Frozen Lakes,166890.0,53.0,Frozen Lakes,['Imber Sun'],117475.0,2023-01-09 11:03,2022-12-02,[]
289,5YZpHsggUWJwLirje3LvqH,1BgkRFDTCvBMxIZyMW8cnf,Alla fine insieme (Together at Last),128015.0,48.0,Alla fine insieme (Together at Last),['Guiseppe Amilcare'],121271.0,2023-01-09 11:05,2020-06-26,[]
290,5vz0Vls8TbtlI58CHQrIpb,08ACq6XiMkbZr3pouk4piJ,Träumerei,127250.0,62.0,Träumerei,['Jørg Sorensen'],126130.0,2023-01-09 11:07,2021-10-08,[]
291,6nEtaXKHUnrcbTjagD9mXC,4lvsDfnDzSQ5SbV8vAGMW9,Silverfog,156014.0,58.0,Silverfog,['Claudio Polle'],152288.0,2023-01-09 11:10,2022-01-02,[]
292,0sCPbmOcdRcTWVDjHh22id,6vtn108mEHEwVw0Lu1I4HO,Hour of Rest,112653.0,60.0,Hour of Rest,['William Cas'],107736.0,2023-01-09 12:54,2021-10-01,[]
293,0RdeSJMPOXBb8a1MmEP7Fq,5mxzoB3Xja5f0sVuI1nsv3,Svaj,146812.0,59.0,Svaj,['Jacob David'],139242.0,2023-01-09 12:57,2022-04-22,[]
294,2XPxkVgxyj4QVaW78kS5vb,2RtrUW1IaYnI9OAVN4XGDY,Estelle,118500.0,63.0,Estelle,['Doris Casella'],115046.0,2023-01-09 12:59,2022-05-06,[]
295,13efPu5TlBN9X9oOo9ItBv,6plr80ML2wuePhF4AqR2bQ,Stardust,175844.0,59.0,Stardust,"['MrHeadA$$Trendy', 'Limbo']",242995.0,2023-01-09 13:03,2019-12-11,[]
296,2POquMHNneRC4HApAiV2QA,5YgaRDfpuLueyi5hqncqLt,"Folsom Field, Boulder, CO 7/14/18 (Live)",795186.0,33.0,"Franklin's Tower - Live at Folsom Field, Boulder, CO, 7/14/2018",['Dead & Company'],198600.0,2023-01-09 13:06,2018-07-14,[]
297,3iyH2B4dcjufYE0ZjiUZsC,4UGoF6BHCz2xclaI3J74Zf,Ex Nihilo Nihil Fit,155374.0,38.0,Ex Nihilo Nihil Fit,['Elder Lockhart'],140145.0,2023-01-09 13:08,2020-03-27,[]
298,7qC9YJfrhtW3TnPEDSCiQj,0OH4MTL7NPJWMgEa10Wlsh,Metanoia,148289.0,54.0,Metanoia,['Bree Arnold'],137543.0,2023-01-09 13:10,2022-08-19,[]
299,5R1Bs4CW8kDoVFZpeuTQiy,2UF3PeBmkML3yJdCLVlclD,Golden Skies,72074.0,51.0,Kind Soul,"['Edwin Pearson', 'Peter Delafose', 'Fomadd']",187577.0,2023-01-09 13:13,2021-07-19,[]
300,2HwCcCi8Up9NECNBRt0yTV,1Vhx6ow2PDJROoX3ND5dEy,Hideaway,148906.0,63.0,Hideaway,['Igulfrid'],146808.0,2023-01-09 13:16,2022-04-15,[]
301,5e5tJl04Fp74oHxpsrC7Tk,0lvz7MO3PlK8QDxvvc35pN,Meditabundus,150000.0,60.0,Meditabundus,['Kellen Chase'],146369.0,2023-01-09 13:18,2022-04-27,[]
302,2kEk2uIKtoJD5r65cH7XBP,4YPmrvr0GCO4errUctduu7,Contemplate,173219.0,65.0,Silk,['Sleepwear'],148874.0,2023-01-09 13:21,2022-02-07,[]
303,6rvLFPlMaxi0kVdBJDdbUQ,4q5qxUovkv7VjfOfkLzHOU,Gaia (The Shape Of Piano To Come Vol. I),242924.0,23.0,Gaia - The Shape Of Piano To Come Vol. I,['Angel Ruediger'],213936.0,2023-01-09 13:24,2020-10-12,[]
304,7EL9YtzL4qYOcxYlf4mbVi,2zXp7huP6HGVldywEC6arL,Yours to Break,211826.0,52.0,Wintergreen,['The East Pointers'],180519.0,2023-01-09 13:27,2019-10-25,[]
306,00PnFrg2QQzPqkeuxGxcz9,5qarIzyobiPKOCDZvaWDIj,Relaxing Piano (Neoclassical Sessions),184220.0,61.0,Spheroidal,['Kalen Elmsley'],180796.0,2023-01-09 13:33,2022-08-19,[]
307,63tNK7odjvpeSFcMZC1LsL,7wcFo6HBOkNKAZYCuV4WrC,Oltre (The Shape Of Piano To Come Vol. I),288812.0,28.0,Oltre - The Shape Of Piano To Come Vol. I,['Emiliano Blangero'],252629.0,2023-01-09 13:37,2020-10-26,[]
308,6DQ0d8YVCs0wi1zHN0fedq,1jXegZ2mzIXJZHjlaD9NLf,About Coming and Leaving,127774.0,45.0,About Coming and Leaving,['Nils Frahm'],121423.0,2023-01-09 13:39,2021-03-10,[]
309,36fYJLNnFHgCezJFMJD3NU,3WgXxpbEGWKMpg2CYcx6pL,Overdose D'Amore,332360.0,24.0,Il Volo,['Zucchero'],113224.0,2023-01-09 13:41,1999,[]
310,7inwDSpJOVDN9kUsi7JtqX,1x6OZLfOt7xNDGVU9Azcs7,The Door into Summer,182500.0,57.0,The Door into Summer,['Nora De Smet'],174128.0,2023-01-09 13:44,2022-04-01,[]
311,6zB9GWgc3mjxnqGgHAwvpU,4j3t73htSViFibVCVBpLr5,Different To Our Daily Lives,146960.0,57.0,Different To Our Daily Lives,['Justus Rümenapp'],138843.0,2023-01-09 13:46,2022-04-15,[]
312,577YBGuskWkVDCxZrLRB4v,4iF44RCCybJtkBkMoqrLW2,Street Gossip,154023.0,82.0,Pure Cocaine,['Lil Baby'],115949.0,2023-01-09 13:48,2018-11-30,[]
313,6axlKJ7OnW6zxM16Hxwbb0,1ZwWzrEoQskuYYnN9bMXgB,Solace,151764.0,69.0,Solace,['Claire Lerdier'],114013.0,2023-01-09 13:50,2022-12-09,[]
314,4OXMONKgLmW0FZGU6Sm7Hf,1XhIG4rUpR4cNXiegHFsU7,Sunlight Sadness,151479.0,58.0,Sunlight Sadness,['Højsgaard'],145266.0,2023-01-09 13:53,2022-03-25,[]
315,4ckUU6TR19hXSAc5C0DdIf,0GK3JsrJx1KfurBpPzjNau,Ambiguos,191272.0,46.0,Ambiguos,['Ivan Vladusic'],187637.0,2023-01-09 13:56,2022-11-25,[]
316,4iCLo3ZjF6V1RW4Wz18KMz,5fpiyyKknRiCj5joBh4VA0,Praxedis,172813.0,60.0,Aufgang der Sonne,['Ploxxio'],168191.0,2023-01-09 13:59,2022-03-06,[]
317,5eMUmyDeH1aayf1uZ0Wrga,2EqOuPPTOth7VS70I1kvta,Reflect the Day,65142.0,48.0,Autumn Nights,"['Slowberry', 'Fuzzy & Glad', 'blushful']",172880.0,2023-01-09 14:02,2020-10-05,[]
318,4ngpD9qM5EinF3KKKoyZDB,4jKT4QSTMTuHh7LmMzUtNb,The New Life,138598.0,59.0,The New Life,['Lemos'],130324.0,2023-01-09 14:04,2022-05-13,[]
319,239W1Z795G2xYOqdrVLirv,6dT2UTUh4rYKFdakQ01sBc,The tree that I don't forget,198297.0,58.0,The tree that I don't forget,['Giuseppe Califano'],187290.0,2023-01-09 14:07,2022-05-13,[]
320,5G1xgH1zCwWF4f5aIOUksB,3dE84iT1GkIHixshI0twdV,Duality,124029.0,41.0,Valverde,['Jacques Ferrandi'],119248.0,2023-01-09 14:09,2020-06-15,[]
321,4FpFfqoAlmkykj4E7nIhsZ,3OnOWPTEYMqhOn7SnFoyBO,Incandescence,117516.0,42.0,Incandescence,['Rebecca Leonard'],116231.0,2023-01-09 14:11,2020-01-07,[]
322,14I5NCZR2Ml2egUlLPxSKL,7uU6IUooGwe60ajUtMfBy2,Stirling,128873.0,34.0,Stirling,['Olma'],114986.0,2023-01-09 14:12,2021-09-17,[]
323,6nqq13r13sPOS7C3ydOi7L,6FoaIAh5ydGk4iEk32ECpk,Quasar,250604.0,50.0,Quasar,['Tevvez'],352215.0,2023-01-09 14:21,2021-06-07,[]
324,5Z8Dj3LtbyCMiwE86rhg2f,6o86bV7TAt5x4exc2qLDqC,Actual Life (April 14 - December 17 2020),285375.0,73.0,Marea (we’ve lost dancing),"['Fred again..', 'The Blessed Madonna']",81957.0,2023-01-09 14:22,2021-04-15,[]
325,1JQ6Xm1JrvHfvAqhl5pwaA,2tzbNCAUTmW4MIM2Ulvrwl,Commodores,256426.0,75.0,Easy,['Commodores'],1560.0,2023-01-09 14:22,1977-01-01,[]
326,0qemIQjSxcKyf42VPfZnfa,4vAhQeeWkSjVn0p5GAaLBx,How Can You Mend A Broken Heart,212800.0,74.0,"Night Fever - From ""Saturday Night Fever"" Soundtrack",['Bee Gees'],1170.0,2023-01-09 14:22,2020-12-11,[]
327,14Hg8gKCCboRLw0yXpcrMV,6siJjSXj7shJrMIKY1yMzE,Sweet Harmony,162310.0,60.0,Sweet Harmony,"['Plastik Funk', 'Dario Trapani', 'Ivan Cappello', 'Sh3']",930.0,2023-01-09 14:22,2022-01-21,[]
328,3ZSqMer9RLSglvi18bWXYV,1PjYHybPrB6rU3qABrNldm,Berlin Calling (The Soundtrack by Paul Kalkbrenner),230500.0,68.0,Sky and Sand,"['Paul Kalkbrenner', 'Fritz Kalkbrenner']",230500.0,2023-01-09 14:26,2013-07-12,[]
329,5vmRQ3zELMLUQPo2FLQ76x,6OMYQUITdN6wBaWfEtgooI,The Age of Consent,302413.0,74.0,Smalltown Boy,['Bronski Beat'],16602.0,2023-01-09 14:26,1984-10-15,[]
330,3ZSqMer9RLSglvi18bWXYV,1PjYHybPrB6rU3qABrNldm,Berlin Calling (The Soundtrack by Paul Kalkbrenner),230500.0,68.0,Sky and Sand,"['Paul Kalkbrenner', 'Fritz Kalkbrenner']",194150.0,2023-01-09 14:30,2013-07-12,[]
331,63oFS9JTsvadCXUqwqA7p0,74x8LKWeBPXDJxB0IDlCep,Shizukana,131786.0,67.0,Shizukana,['Isshi Matsuriza'],128624.0,2023-01-09 14:32,2022-04-08,[]
332,577YBGuskWkVDCxZrLRB4v,4iF44RCCybJtkBkMoqrLW2,Street Gossip,154023.0,82.0,Pure Cocaine,['Lil Baby'],115925.0,2023-01-09 14:34,2018-11-30,[]
333,6DQ0d8YVCs0wi1zHN0fedq,1jXegZ2mzIXJZHjlaD9NLf,About Coming and Leaving,127774.0,45.0,About Coming and Leaving,['Nils Frahm'],121857.0,2023-01-09 14:36,2021-03-10,[]
334,3y3GMygxjeZ8VQDfEoyKh7,6Djgy4mo37pXQgBsLrdFYj,As I Dream,184583.0,62.0,As I Dream,['Johannes Bornlöf'],178572.0,2023-01-09 14:39,2022-05-13,[]
335,2ITf0bqgdjdjFIwoVyJW7r,7CpCr4dd0czgA82c8BY8bc,Valzer della quiete,236000.0,26.0,Valzer della quiete,['Aiden Button'],226417.0,2023-01-09 14:43,2021-01-22,[]
336,5Gm2tHCFTzb0vHZfReSr5f,4RWOkpGgca2uscV8PX9CeR,Silfur,211440.0,47.0,Opus 18 - Silfur Version,"[""Dustin O'Halloran""]",211440.0,2023-01-09 14:47,2021-06-11,[]
337,5eMUmyDeH1aayf1uZ0Wrga,2EqOuPPTOth7VS70I1kvta,Reflect the Day,65142.0,48.0,Autumn Nights,"['Slowberry', 'Fuzzy & Glad', 'blushful']",174857.0,2023-01-09 14:49,2020-10-05,[]
338,0oufSLnKQDoBFX5mgkDCgR,03nFfkhtHqQZZqprep3G6r,Lost,158420.0,79.0,Trust,['Brent Faiyaz'],143000.0,2023-01-09 14:52,2018-10-19,[]
339,13efPu5TlBN9X9oOo9ItBv,6plr80ML2wuePhF4AqR2bQ,Stardust,175844.0,59.0,Stardust,"['MrHeadA$$Trendy', 'Limbo']",245561.0,2023-01-09 14:56,2019-12-11,[]
340,695BxK7VbbK6M4CRvtR5Sn,03ATVAe2XY1b6rZ7OGbMhw,Although,180635.0,59.0,Although,['Jane Avril'],171692.0,2023-01-09 14:59,2022-03-18,[]
341,14I5NCZR2Ml2egUlLPxSKL,7uU6IUooGwe60ajUtMfBy2,Stirling,128873.0,34.0,Stirling,['Olma'],114982.0,2023-01-09 15:01,2021-09-17,[]
342,1sINJB2tVaHV5r3iKCACHv,3XJLsmXh2yyehGaUn0FWDC,Reframe,127109.0,59.0,Reframe,['Norman Dück'],124594.0,2023-01-09 15:03,2022-04-08,[]
343,2POquMHNneRC4HApAiV2QA,5YgaRDfpuLueyi5hqncqLt,"Folsom Field, Boulder, CO 7/14/18 (Live)",795186.0,33.0,"Franklin's Tower - Live at Folsom Field, Boulder, CO, 7/14/2018",['Dead & Company'],198612.0,2023-01-09 15:06,2018-07-14,[]
344,4OXMONKgLmW0FZGU6Sm7Hf,1XhIG4rUpR4cNXiegHFsU7,Sunlight Sadness,151479.0,58.0,Sunlight Sadness,['Højsgaard'],145238.0,2023-01-09 15:08,2022-03-25,[]
345,31dgOyBLg64GEgdbsBjwXy,39eaolcUiLPvOYBVwfgIEx,The Blue Hour,285309.0,42.0,My Piano Night,['Federico Albanese'],261070.0,2023-01-09 15:13,2016-01-15,[]
346,5R1Bs4CW8kDoVFZpeuTQiy,2UF3PeBmkML3yJdCLVlclD,Golden Skies,72074.0,51.0,Kind Soul,"['Edwin Pearson', 'Peter Delafose', 'Fomadd']",186162.0,2023-01-09 15:16,2021-07-19,[]
347,2yZU1Y2Zagb4Ymm5gK72ab,2FSycLXewsbnvoqm6F5oKv,Homestead,162250.0,50.0,Homestead,['Chris Donner'],157931.0,2023-01-09 15:18,2022-02-25,[]
348,7McExzjmhDI5NQ6l4D9XR9,6TsyjKCVz1FlcjwglzzbT9,Dismantle,135668.0,58.0,Remove The Complexities,['Peter Sandberg'],130100.0,2023-01-09 15:20,2016-06-17,[]
349,5YZpHsggUWJwLirje3LvqH,1BgkRFDTCvBMxIZyMW8cnf,Alla fine insieme (Together at Last),128015.0,48.0,Alla fine insieme (Together at Last),['Guiseppe Amilcare'],126805.0,2023-01-09 15:22,2020-06-26,[]
350,0YNtAadZvKBBEFARtfoCV8,0ODLCdHBFVvKwJGeSfd1jy,Hard To Imagine The Neighbourhood Ever Changing,167960.0,71.0,Compass,['The Neighbourhood'],140241.0,2023-01-09 15:25,2018-11-02,[]
351,00PnFrg2QQzPqkeuxGxcz9,5qarIzyobiPKOCDZvaWDIj,Relaxing Piano (Neoclassical Sessions),184220.0,61.0,Spheroidal,['Kalen Elmsley'],180775.0,2023-01-09 15:28,2022-08-19,[]
352,5G1xgH1zCwWF4f5aIOUksB,3dE84iT1GkIHixshI0twdV,Duality,124029.0,41.0,Valverde,['Jacques Ferrandi'],124029.0,2023-01-09 15:30,2020-06-15,[]
353,5RrvMr9cuBvmINeTDJvTYH,3Z0iahrofwT3yOgryg08wR,Ostern - Klassische Musik,136706.0,2.0,"Prelude and Fugue in C Major, BWV 846: I. Prelude","['Johann Sebastian Bach', 'Fazıl Say']",171608.0,2023-01-09 15:32,2023-03-27,[]
354,0JIPRHdaAZIS1juhMlk20g,6r6pPLtxb2sZ3KfkVebavn,City Lights (Rework),224783.0,29.0,City Lights - Rework,['Alberto Giurioli'],3419.0,2023-01-09 15:33,2020-09-11,[]
355,6rvLFPlMaxi0kVdBJDdbUQ,4q5qxUovkv7VjfOfkLzHOU,Gaia (The Shape Of Piano To Come Vol. I),242924.0,23.0,Gaia - The Shape Of Piano To Come Vol. I,['Angel Ruediger'],242924.0,2023-01-09 15:37,2020-10-12,[]
356,5vz0Vls8TbtlI58CHQrIpb,08ACq6XiMkbZr3pouk4piJ,Träumerei,127250.0,62.0,Träumerei,['Jørg Sorensen'],127250.0,2023-01-09 15:39,2021-10-08,[]
357,4FhxN8PTyjkBVfwlCnr9Om,6i7mF7whyRJuLJ4ogbH2wh,One Thing At A Time,162475.0,75.0,Days That End In Why,['Morgan Wallen'],143180.0,2023-01-09 15:41,2023-03-03,[]
358,0akRH0jXMDwwgVlTg8nyJH,21tRhVrfsE603drTwiWthE,Bagnàa Come I Trüt De Lagh,210613.0,27.0,Bagnàa Come I Trüt De Lagh,['Giovanni Turchini'],206057.0,2023-01-09 15:44,2020-10-16,[]
359,6zB9GWgc3mjxnqGgHAwvpU,4j3t73htSViFibVCVBpLr5,Different To Our Daily Lives,146960.0,57.0,Different To Our Daily Lives,['Justus Rümenapp'],138823.0,2023-01-09 15:47,2022-04-15,[]
360,2HwCcCi8Up9NECNBRt0yTV,1Vhx6ow2PDJROoX3ND5dEy,Hideaway,148906.0,63.0,Hideaway,['Igulfrid'],146814.0,2023-01-09 15:49,2022-04-15,[]
361,1IqWZERE8ZOVtgE3fmekFv,0wVbGonjdCw4QHcJ4HnRRM,Midnight Improvisations // Momenten,201000.0,47.0,vierde moment,['antinode'],195505.0,2023-01-09 15:52,2022-05-13,[]
362,6axlKJ7OnW6zxM16Hxwbb0,1ZwWzrEoQskuYYnN9bMXgB,Solace,151764.0,69.0,Solace,['Claire Lerdier'],114024.0,2023-01-09 15:54,2022-12-09,[]
363,6JmgdhklkWQBWZBhh8Too2,1vj9YCKCsagqPUV5rdfDVX,Crossing Paths,178958.0,47.0,Crossing Paths,['Lake Isabel'],174262.0,2023-01-09 15:57,2020-07-24,[]
364,3iyH2B4dcjufYE0ZjiUZsC,4UGoF6BHCz2xclaI3J74Zf,Ex Nihilo Nihil Fit,155374.0,38.0,Ex Nihilo Nihil Fit,['Elder Lockhart'],85448.0,2023-01-09 16:00,2020-03-27,[]
365,5UTGQ7EW9lD4sCJs1QjL9l,6Wk54eiOWaHHWGQ8n5oGKh,Horizons,154503.0,63.0,Horizons,['Thalia Mathis'],66421.0,2023-01-10 07:37,2022-11-25,[]
366,4OI6jrwpj1xkejfp6R5uj2,4GbaledvjJ39zGpUtwB3pT,Pale Horizon,144770.0,58.0,"Hana, My Love",['Spencer Zahn'],132461.0,2023-01-10 07:42,2022-05-13,[]
367,0JIPRHdaAZIS1juhMlk20g,6r6pPLtxb2sZ3KfkVebavn,City Lights (Rework),224783.0,29.0,City Lights - Rework,['Alberto Giurioli'],219551.0,2023-01-10 07:45,2020-09-11,[]
368,1IqWZERE8ZOVtgE3fmekFv,0wVbGonjdCw4QHcJ4HnRRM,Midnight Improvisations // Momenten,201000.0,47.0,vierde moment,['antinode'],195508.0,2023-01-10 07:48,2022-05-13,[]
369,3iyH2B4dcjufYE0ZjiUZsC,4UGoF6BHCz2xclaI3J74Zf,Ex Nihilo Nihil Fit,155374.0,38.0,Ex Nihilo Nihil Fit,['Elder Lockhart'],54962.0,2023-01-10 08:23,2020-03-27,[]
370,6nEtaXKHUnrcbTjagD9mXC,4lvsDfnDzSQ5SbV8vAGMW9,Silverfog,156014.0,58.0,Silverfog,['Claudio Polle'],152256.0,2023-01-10 08:25,2022-01-02,[]
371,71G421mQ7cWLT81NM5cOmu,1Gb5WNBbET7YCwhyLd4ACK,Christopher Robin (Original Motion Picture Soundtrack),82986.0,54.0,Storybook,"['Geoff Zanelli', 'Jon Brion']",131443.0,2023-01-10 08:27,2018-08-03,[]
372,0RdeSJMPOXBb8a1MmEP7Fq,5mxzoB3Xja5f0sVuI1nsv3,Svaj,146812.0,59.0,Svaj,['Jacob David'],146812.0,2023-01-10 08:30,2022-04-22,[]
373,4XhZgQHy6yNEB5M3NhZXAG,7nRhGhULaOo98BoVjYzzgD,Dear Buddy,132954.0,59.0,Dear Buddy,['Cinthya Garcia'],132954.0,2023-01-10 08:32,2022-05-06,[]
374,0SqNxTLHdDLZyYHxmyiIP9,3aysyGHF1ct8AGR65HBXbj,Vivid Sky,171803.0,24.0,Terminal 4,['Karl Amando'],171803.0,2023-01-10 08:35,2020-10-01,[]
375,4Ev1LZ4uzjnSvDHpgdyBZK,5F0IQXuHfTV7SBvZVnXERl,The Division Bell,314960.0,56.0,Lost for Words,['Pink Floyd'],167000.0,2023-01-10 08:38,1994,[]
376,5UTGQ7EW9lD4sCJs1QjL9l,6Wk54eiOWaHHWGQ8n5oGKh,Horizons,154503.0,63.0,Horizons,['Thalia Mathis'],142614.0,2023-01-10 08:40,2022-11-25,[]
377,4ckUU6TR19hXSAc5C0DdIf,0GK3JsrJx1KfurBpPzjNau,Ambiguos,191272.0,46.0,Ambiguos,['Ivan Vladusic'],191272.0,2023-01-10 08:43,2022-11-25,[]
378,4FpFfqoAlmkykj4E7nIhsZ,3OnOWPTEYMqhOn7SnFoyBO,Incandescence,117516.0,42.0,Incandescence,['Rebecca Leonard'],117516.0,2023-01-10 08:45,2020-01-07,[]
379,00I0pcNkN3IOX3fsYbaB4N,5XRCcUfwtLNQflDd9cfz4U,The Last Rocket,221892.0,59.0,Infatuation,['Takeoff'],155000.0,2023-01-10 08:48,2018-11-02,[]
381,445KHitEvap0tspDZ3C78V,2yVjc4mMxopxCDyPDBP1Iq,Coulant,148500.0,62.0,Coulant,['Les Rêveries'],144756.0,2023-01-10 08:53,2022-03-04,[]
382,5M9WoeUS6hg8b1YRWMFx0M,1kXMEkViaETUcA6KQNXuv4,Rannoch Moor,116000.0,41.0,Rannoch Moor,['Quinn MacKenzie'],112316.0,2023-01-10 08:55,2020-02-28,[]
383,0sCPbmOcdRcTWVDjHh22id,6vtn108mEHEwVw0Lu1I4HO,Hour of Rest,112653.0,60.0,Hour of Rest,['William Cas'],107737.0,2023-01-10 08:57,2021-10-01,[]
384,5e5tJl04Fp74oHxpsrC7Tk,0lvz7MO3PlK8QDxvvc35pN,Meditabundus,150000.0,60.0,Meditabundus,['Kellen Chase'],150000.0,2023-01-10 08:59,2022-04-27,[]
385,763DOeT2XIrzMjbC3LLF5i,4TVVWsBh3tY8GXupSSoCc4,Lydian Fairytale,105786.0,67.0,Lydian Fairytale,['Nascondiglio'],117857.0,2023-01-10 09:01,2022-12-30,[]
386,239W1Z795G2xYOqdrVLirv,6dT2UTUh4rYKFdakQ01sBc,The tree that I don't forget,198297.0,58.0,The tree that I don't forget,['Giuseppe Califano'],198297.0,2023-01-10 09:04,2022-05-13,[]
387,0PQK5efczMVIIjScPRZYH5,14IZ6aHadzsKrNMnntwLb0,skeletons,171520.0,60.0,atlas,['keshi'],132000.0,2023-01-10 09:07,2019-07-16,[]
388,7Jrx30VldPaujIaP3c2SJn,75lQPJlmH7f4DlqyOpemjO,Un Cadeau,157077.0,57.0,Un Cadeau,['Nel Swerts'],157077.0,2023-01-10 09:09,2022-02-18,[]
389,73WwLsqz0sZQucwkeyybus,6ST5jKASoHoEU1T7pgq5cE,The Midnight Sun,178588.0,58.0,The Midnight Sun,['Hakone'],178588.0,2023-01-10 09:12,2022-05-20,[]
390,4OKN9ufxfRCp1704FHHrUK,4UFWXZQVACzP9FUCbDjpjS,It's the Little Things,192750.0,29.0,Picture of a Friend,['Ivy Rue'],192750.0,2023-01-10 09:15,2019-02-17,[]
391,3ZrYUMwrzUNJ4qVhl8gq7e,4GDHPEzo1ca0jeE3VFMFYw,Everything will be fine,138750.0,25.0,Everything will be fine,['Pop Instrumental'],100008.0,2023-01-10 09:17,2020-10-31,[]
392,1cGpjqxs56wNKE6LOBnUcD,1ZwpOB2GRebtyEZgUjsjhH,Breaks from the Border,223600.0,52.0,Freckles,['The New Mastersounds'],4982.0,2023-01-10 09:20,2011-08-09,[]
393,2aLgFG14lYLiV8YYziZI7Q,1l3v5h34S4SMNKFblH6pkr,Letting Go,181792.0,58.0,Letting Go,['Ron Adelaar'],181792.0,2023-01-10 09:20,2022-05-06,[]
394,2XPxkVgxyj4QVaW78kS5vb,2RtrUW1IaYnI9OAVN4XGDY,Estelle,118500.0,63.0,Estelle,['Doris Casella'],118500.0,2023-01-10 09:22,2022-05-06,[]
395,0XDv7SLyMkGcAnb12fMHa1,2fDm6GpssR8S6uQnDE4MKM,English Settlement,290667.0,50.0,Senses Working Overtime - Remastered 2001,['XTC'],124604.0,2023-01-10 09:24,1982-02-12,[]
396,4OI6jrwpj1xkejfp6R5uj2,4GbaledvjJ39zGpUtwB3pT,Pale Horizon,144770.0,58.0,"Hana, My Love",['Spencer Zahn'],144770.0,2023-01-10 09:26,2022-05-13,[]
397,70pC9IQb39VDNUm3Uio5kD,0sHbXMgCDveBs71HiIJulB,Petites danses et rêveries,146090.0,68.0,Un sourire et une larme (valse),['Tom Kristiaan'],146090.0,2023-01-10 09:29,2022-05-20,[]
398,0acEauszFAvCGw9cNF0kZM,33iYingDDSa1X0iPiotQT8,Frozen Lakes,166890.0,53.0,Frozen Lakes,['Imber Sun'],121300.0,2023-01-10 09:31,2022-12-02,[]
399,7fBv7CLKzipRk6EC6TWHOB,0P3oVJBFOv3TDXlYRhGL7s,Beauty Behind The Madness,242253.0,87.0,The Hills,['The Weeknd'],172263.0,2023-01-10 09:34,2015-08-28,[]
400,0CMjjw0RYpNfQ1VkkL6Bwf,6GNx3naU5PE4SjscEVOfCS,Fleurs de cerisier,160000.0,48.0,Fleurs de cerisier,['Chloé Czans'],160000.0,2023-01-10 09:36,2022-05-06,[]
401,4ngpD9qM5EinF3KKKoyZDB,4jKT4QSTMTuHh7LmMzUtNb,The New Life,138598.0,59.0,The New Life,['Lemos'],138598.0,2023-01-10 09:39,2022-05-13,[]
402,2kEk2uIKtoJD5r65cH7XBP,4YPmrvr0GCO4errUctduu7,Contemplate,173219.0,65.0,Silk,['Sleepwear'],151800.0,2023-01-10 09:41,2022-02-07,[]
403,7jCRVvGKxzAMWDqIiW2T53,39pSeV5BLaPnUAQUtx6ww1,Preludes,139771.0,49.0,City Prelude,['Julius Nilsson'],139771.0,2023-01-10 09:43,2022-12-01,[]
404,4iCLo3ZjF6V1RW4Wz18KMz,5fpiyyKknRiCj5joBh4VA0,Praxedis,172813.0,60.0,Aufgang der Sonne,['Ploxxio'],172813.0,2023-01-10 09:46,2022-03-06,[]
405,63oFS9JTsvadCXUqwqA7p0,74x8LKWeBPXDJxB0IDlCep,Shizukana,131786.0,67.0,Shizukana,['Isshi Matsuriza'],131786.0,2023-01-10 09:48,2022-04-08,[]
406,30HCB1FoE77IfGRyNv4eFq,2guirTSEqLizK7j9i1MTTZ,Nevermind (Remastered),255080.0,69.0,In Bloom,['Nirvana'],168000.0,2023-01-10 09:51,1991-09-26,[]
407,577YBGuskWkVDCxZrLRB4v,4iF44RCCybJtkBkMoqrLW2,Street Gossip,154023.0,82.0,Pure Cocaine,['Lil Baby'],115925.0,2023-01-10 09:53,2018-11-30,[]
408,6DQ0d8YVCs0wi1zHN0fedq,1jXegZ2mzIXJZHjlaD9NLf,About Coming and Leaving,127774.0,45.0,About Coming and Leaving,['Nils Frahm'],121857.0,2023-01-10 09:55,2021-03-10,[]
409,3y3GMygxjeZ8VQDfEoyKh7,6Djgy4mo37pXQgBsLrdFYj,As I Dream,184583.0,62.0,As I Dream,['Johannes Bornlöf'],178595.0,2023-01-10 09:58,2022-05-13,[]
410,5Gm2tHCFTzb0vHZfReSr5f,4RWOkpGgca2uscV8PX9CeR,Silfur,211440.0,47.0,Opus 18 - Silfur Version,"[""Dustin O'Halloran""]",211440.0,2023-01-10 10:01,2021-06-11,[]
411,30s6pYy71WwVpvBk40qdFZ,3Bm7PPhlsVHRJkdDYASNS4,Meraki,248133.0,39.0,On Your Side,"['Opiuo', 'Russ Liquid']",206000.0,2023-01-10 10:05,2014-03-21,[]
412,5eMUmyDeH1aayf1uZ0Wrga,2EqOuPPTOth7VS70I1kvta,Reflect the Day,65142.0,48.0,Autumn Nights,"['Slowberry', 'Fuzzy & Glad', 'blushful']",174857.0,2023-01-10 10:08,2020-10-05,[]
413,0oufSLnKQDoBFX5mgkDCgR,03nFfkhtHqQZZqprep3G6r,Lost,158420.0,79.0,Trust,['Brent Faiyaz'],143000.0,2023-01-10 10:10,2018-10-19,[]
414,2y6mh0Q1gZC7BKThkY92bh,3uLrSFrNqa8CULSIU7e9v5,Egypt Station,184678.0,26.0,Confidante,['Paul McCartney'],127750.0,2023-01-10 10:12,2018-09-07,[]
415,2BHj31ufdEqVK5CkYDp9mA,1ANaxJNBcbOvvycNL4MCL5,Miki Matsubara Best Collection,312293.0,77.0,Mayonaka no Door / Stay With Me,['Miki Matsubara'],84683.0,2023-01-10 10:14,2008,[]
416,13efPu5TlBN9X9oOo9ItBv,6plr80ML2wuePhF4AqR2bQ,Stardust,175844.0,59.0,Stardust,"['MrHeadA$$Trendy', 'Limbo']",245561.0,2023-01-10 10:18,2019-12-11,[]
417,695BxK7VbbK6M4CRvtR5Sn,03ATVAe2XY1b6rZ7OGbMhw,Although,180635.0,59.0,Although,['Jane Avril'],171692.0,2023-01-10 10:20,2022-03-18,[]
418,14I5NCZR2Ml2egUlLPxSKL,7uU6IUooGwe60ajUtMfBy2,Stirling,128873.0,34.0,Stirling,['Olma'],114982.0,2023-01-10 10:22,2021-09-17,[]
419,1sINJB2tVaHV5r3iKCACHv,3XJLsmXh2yyehGaUn0FWDC,Reframe,127109.0,59.0,Reframe,['Norman Dück'],124594.0,2023-01-10 10:24,2022-04-08,[]
420,2POquMHNneRC4HApAiV2QA,5YgaRDfpuLueyi5hqncqLt,"Folsom Field, Boulder, CO 7/14/18 (Live)",795186.0,33.0,"Franklin's Tower - Live at Folsom Field, Boulder, CO, 7/14/2018",['Dead & Company'],198612.0,2023-01-10 10:28,2018-07-14,[]
421,4OXMONKgLmW0FZGU6Sm7Hf,1XhIG4rUpR4cNXiegHFsU7,Sunlight Sadness,151479.0,58.0,Sunlight Sadness,['Højsgaard'],145238.0,2023-01-10 10:30,2022-03-25,[]
422,31dgOyBLg64GEgdbsBjwXy,39eaolcUiLPvOYBVwfgIEx,The Blue Hour,285309.0,42.0,My Piano Night,['Federico Albanese'],261039.0,2023-01-10 10:34,2016-01-15,[]
423,2yZU1Y2Zagb4Ymm5gK72ab,2FSycLXewsbnvoqm6F5oKv,Homestead,162250.0,50.0,Homestead,['Chris Donner'],157931.0,2023-01-10 10:37,2022-02-25,[]
424,7McExzjmhDI5NQ6l4D9XR9,6TsyjKCVz1FlcjwglzzbT9,Dismantle,135668.0,58.0,Remove The Complexities,['Peter Sandberg'],130100.0,2023-01-10 10:39,2016-06-17,[]
425,5YZpHsggUWJwLirje3LvqH,1BgkRFDTCvBMxIZyMW8cnf,Alla fine insieme (Together at Last),128015.0,48.0,Alla fine insieme (Together at Last),['Guiseppe Amilcare'],18508.0,2023-01-10 10:41,2020-06-26,[]
426,4Ev1LZ4uzjnSvDHpgdyBZK,5F0IQXuHfTV7SBvZVnXERl,The Division Bell,314960.0,56.0,Lost for Words,['Pink Floyd'],163703.0,2023-01-10 14:39,1994,[]
427,4FhxN8PTyjkBVfwlCnr9Om,6i7mF7whyRJuLJ4ogbH2wh,One Thing At A Time,162475.0,75.0,Days That End In Why,['Morgan Wallen'],135891.0,2023-01-10 14:42,2023-03-03,[]
428,31dgOyBLg64GEgdbsBjwXy,39eaolcUiLPvOYBVwfgIEx,The Blue Hour,285309.0,42.0,My Piano Night,['Federico Albanese'],260087.0,2023-01-10 14:46,2016-01-15,[]
429,00I0pcNkN3IOX3fsYbaB4N,5XRCcUfwtLNQflDd9cfz4U,The Last Rocket,221892.0,59.0,Infatuation,['Takeoff'],150524.0,2023-01-10 14:48,2018-11-02,[]
430,4XhZgQHy6yNEB5M3NhZXAG,7nRhGhULaOo98BoVjYzzgD,Dear Buddy,132954.0,59.0,Dear Buddy,['Cinthya Garcia'],129775.0,2023-01-10 14:51,2022-05-06,[]
431,61LRf67gHGilGO4DbIecZz,0LZwgyNIT6ZFHBSUGwAz39,Mitternacht,155693.0,45.0,Mitternacht,['Teide'],153585.0,2023-01-10 14:54,2022-11-20,[]
432,2ITf0bqgdjdjFIwoVyJW7r,7CpCr4dd0czgA82c8BY8bc,Valzer della quiete,236000.0,26.0,Valzer della quiete,['Aiden Button'],75312.0,2023-01-10 15:03,2021-01-22,[]
433,7pgFHs8K5OgB9PGDY3sysE,2ujt9WEAr3yiAMtQHHkyC4,7,346240.0,60.0,Feed Your Head,['Paul Kalkbrenner'],346240.0,2023-01-10 18:53,2015-08-07,[]
434,7pgFHs8K5OgB9PGDY3sysE,2ujt9WEAr3yiAMtQHHkyC4,7,346240.0,60.0,Feed Your Head,['Paul Kalkbrenner'],346240.0,2023-01-10 18:58,2015-08-07,[]
435,7pgFHs8K5OgB9PGDY3sysE,2ujt9WEAr3yiAMtQHHkyC4,7,346240.0,60.0,Feed Your Head,['Paul Kalkbrenner'],21015.0,2023-01-10 18:59,2015-08-07,[]
436,6VYOmnc5zW1PdGi37sR6VY,20EcqsXdtqlmTuaZH0a4V2,London Love (Ben Pearce Remix),316362.0,31.0,London Love - Ben Pearce Remix,"['WESLEE', 'Ben Pearce']",1100.0,2023-01-10 18:59,2019-07-12,[]
437,6VYOmnc5zW1PdGi37sR6VY,20EcqsXdtqlmTuaZH0a4V2,London Love (Ben Pearce Remix),316362.0,31.0,London Love - Ben Pearce Remix,"['WESLEE', 'Ben Pearce']",10740.0,2023-01-10 18:59,2019-07-12,[]
438,4Rnfx020sYy3YoxvA3oMS2,0vJgZZgkoZE372ZjV6a38c,"DJ Central Groove Vol, 15",194840.0,44.0,What I Might Do,['Ben Pearce'],840.0,2023-01-10 18:59,2018-10-15,[]
439,4Rnfx020sYy3YoxvA3oMS2,0vJgZZgkoZE372ZjV6a38c,"DJ Central Groove Vol, 15",194840.0,44.0,What I Might Do,['Ben Pearce'],2630.0,2023-01-10 18:59,2018-10-15,[]
440,4Rnfx020sYy3YoxvA3oMS2,0vJgZZgkoZE372ZjV6a38c,"DJ Central Groove Vol, 15",194840.0,44.0,What I Might Do,['Ben Pearce'],195737.0,2023-01-10 19:02,2018-10-15,[]
441,4Rnfx020sYy3YoxvA3oMS2,0vJgZZgkoZE372ZjV6a38c,"DJ Central Groove Vol, 15",194840.0,44.0,What I Might Do,['Ben Pearce'],17035.0,2023-01-10 19:03,2018-10-15,[]
442,3vkQ5DAB1qQMYO4Mr9zJN6,7iLuHJkrb9KHPkMgddYigh,Voulez-Vous,292613.0,81.0,Gimme! Gimme! Gimme! (A Man After Midnight),['ABBA'],1390.0,2023-01-10 19:05,1979,[]
443,0BgKO3jvcTWhJ8Y8egyAn1,5UDp9amJcdxcM86mM0Hwiy,Me Volvi A Acordar De Ti,254933.0,57.0,Navidad Sin Ti,['Los Bukis'],130500.0,2023-01-10 19:05,1987,[]
444,4UeDMzA4XjmRpl1RHogDzx,6QtnCAFmqOwR75jOOmU7k9,Mamma Mia! The Movie Soundtrack,275133.0,64.0,Voulez-Vous - From 'Mamma Mia!' Original Motion Picture Soundtrack,"['Cast of Mamma Mia! The Movie', 'Philip Michael', 'Christine Baranski', 'Julie Walters', 'Stellan Skarsgård']",3490.0,2023-01-10 19:05,2008-01-01,[]
445,0jE6m6RImpGe0LuXbWxYfF,26izH2XU7NhUJO5EKABho1,Voulez Vous (Workout Bundle / Even 32 Count Phrasing),289239.0,17.0,Voulez Vous - Workout Remix 128 Bpm,['Workout Music Tv'],1880.0,2023-01-10 19:05,2020-03-24,[]
446,0jE6m6RImpGe0LuXbWxYfF,26izH2XU7NhUJO5EKABho1,Voulez Vous (Workout Bundle / Even 32 Count Phrasing),289239.0,17.0,Voulez Vous - Workout Remix 128 Bpm,['Workout Music Tv'],700.0,2023-01-10 19:05,2020-03-24,[]
447,0jE6m6RImpGe0LuXbWxYfF,26izH2XU7NhUJO5EKABho1,Voulez Vous (Workout Bundle / Even 32 Count Phrasing),289239.0,17.0,Voulez Vous - Workout Remix 128 Bpm,['Workout Music Tv'],1450.0,2023-01-10 19:05,2020-03-24,[]
448,6muUc4A9ZENPK7uw1oQ0DC,7mIcGvXdTxCwsN9fvL0QUc,Dance On Abba - The Remix Cover Tribute,245034.0,29.0,Lay All Your Love On Me - Armada Tribe RMX,['Van Reef'],2560.0,2023-01-10 19:05,2012-12-14,[]
449,6muUc4A9ZENPK7uw1oQ0DC,7mIcGvXdTxCwsN9fvL0QUc,Dance On Abba - The Remix Cover Tribute,245034.0,29.0,Lay All Your Love On Me - Armada Tribe RMX,['Van Reef'],850.0,2023-01-10 19:05,2012-12-14,[]
450,6muUc4A9ZENPK7uw1oQ0DC,7mIcGvXdTxCwsN9fvL0QUc,Dance On Abba - The Remix Cover Tribute,245034.0,29.0,Lay All Your Love On Me - Armada Tribe RMX,['Van Reef'],550.0,2023-01-10 19:05,2012-12-14,[]
451,6muUc4A9ZENPK7uw1oQ0DC,7mIcGvXdTxCwsN9fvL0QUc,Dance On Abba - The Remix Cover Tribute,245034.0,29.0,Lay All Your Love On Me - Armada Tribe RMX,['Van Reef'],31830.0,2023-01-10 19:05,2012-12-14,[]
452,4UeDMzA4XjmRpl1RHogDzx,6QtnCAFmqOwR75jOOmU7k9,Mamma Mia! The Movie Soundtrack,275133.0,64.0,Voulez-Vous - From 'Mamma Mia!' Original Motion Picture Soundtrack,"['Cast of Mamma Mia! The Movie', 'Philip Michael', 'Christine Baranski', 'Julie Walters', 'Stellan Skarsgård']",275133.0,2023-01-10 19:10,2008-01-01,[]
453,5qNNrSEL3XOGh6C7BKIMCb,29SO2pjWigaw8OvhE2tOWz,To The Ladies In My Life,213445.0,0.0,On My Mind,['Ellie Goulding'],189268.0,2023-01-10 19:13,2023-04-04,[]
454,0jE6m6RImpGe0LuXbWxYfF,26izH2XU7NhUJO5EKABho1,Voulez Vous (Workout Bundle / Even 32 Count Phrasing),289239.0,17.0,Voulez Vous - Workout Remix 128 Bpm,['Workout Music Tv'],22834.0,2023-01-10 19:13,2020-03-24,[]
455,20HCH8XT2EK1QYe1loAJ8E,54vSb9255iZKykjuytWbZh,Play Me Again,390638.0,65.0,Moon (And It Went Like),"['Kid Francescoli', 'Julia Minkin']",390638.0,2023-01-10 19:20,2017-03-03,[]
456,20HCH8XT2EK1QYe1loAJ8E,54vSb9255iZKykjuytWbZh,Play Me Again,390638.0,65.0,Moon (And It Went Like),"['Kid Francescoli', 'Julia Minkin']",7970.0,2023-01-10 19:21,2017-03-03,[]
457,1pZn8AX1WulW8IO338hE5D,4izD3SCRElbkO06i8yf4Zp,Solitude,207826.0,64.0,Blue Moon,['Billie Holiday'],64444.0,2023-01-10 19:21,1956-01-01,[]
458,2UwgoIMAYT0pDOxUFTjEVJ,189CZXjmGJs7PzbQ0S5WVf,Chill Like That,178908.0,72.0,Chill Like That,"['Sunday Scaries', 'PiCKUPLiNES']",2960.0,2023-01-10 19:21,2022-09-16,[]
459,6nqq13r13sPOS7C3ydOi7L,6FoaIAh5ydGk4iEk32ECpk,Quasar,250604.0,50.0,Quasar,['Tevvez'],16530.0,2023-01-10 19:22,2021-06-07,[]
460,7pgFHs8K5OgB9PGDY3sysE,2ujt9WEAr3yiAMtQHHkyC4,7,346240.0,60.0,Feed Your Head,['Paul Kalkbrenner'],346240.0,2023-01-10 19:27,2015-08-07,[]
461,33tYADyL2aZctrvR59K1bQ,3L1NLn5rcrmV4uVqgaoTI7,Lauren (I Can't Stay Forever),200550.0,66.0,Lauren (I Can't Stay Forever),['Oden & Fatzo'],28472.0,2023-01-10 19:28,2021-10-08,[]
462,0RFRr1i6USZRE66r5vB9OT,55jRiCSPrXaypNbQFnL1ei,CLUB TOPPERIA,171904.0,53.0,FINIMONDO,['M¥SS KETA'],3390.0,2023-01-11 16:35,2022-05-26,[]
463,20j7l6tFtc5lynXpbOQg1O,1BubKJqf6Uc4fNae5kLJJ7,What Could Possibly Go Wrong,127054.0,71.0,Superstar Sh*t,['Dominic Fike'],13310.0,2023-01-11 16:36,2020-07-31,[]
464,1cfaCtaoghJJVLQ9shx6Zf,7yVztUBjdi5y1ZZ793fRXK,特别怪人,130091.0,21.0,梭梭板,['Masiwei'],5420.0,2023-01-11 16:36,2022-12-17,[]
465,6nqq13r13sPOS7C3ydOi7L,6FoaIAh5ydGk4iEk32ECpk,Quasar,250604.0,50.0,Quasar,['Tevvez'],352215.0,2023-01-11 16:42,2021-06-07,[]
466,5Z8Dj3LtbyCMiwE86rhg2f,6o86bV7TAt5x4exc2qLDqC,Actual Life (April 14 - December 17 2020),285375.0,73.0,Marea (we’ve lost dancing),"['Fred again..', 'The Blessed Madonna']",235377.0,2023-01-11 16:46,2021-04-15,[]
467,10UTmRvoroe6eZ3ViwkpbN,2IjiX4wNgyntlvPU9a0Yy7,Simply The Best,173571.0,66.0,Simply The Best,['Billianne'],2709.0,2023-01-11 21:04,2022-02-25,[]
468,10UTmRvoroe6eZ3ViwkpbN,2IjiX4wNgyntlvPU9a0Yy7,Simply The Best,173571.0,66.0,Simply The Best,['Billianne'],86480.0,2023-01-13 18:29,2022-02-25,[]
469,10UTmRvoroe6eZ3ViwkpbN,2IjiX4wNgyntlvPU9a0Yy7,Simply The Best,173571.0,66.0,Simply The Best,['Billianne'],129811.0,2023-01-13 18:31,2022-02-25,[]
470,5WgW9bG91h4zRUnBr97d6c,7lg5i5BW3Fhmay7kEpyORQ,You Are Safe,469995.0,51.0,Muyè,"['Rampa', 'Adam Port', '&ME']",469995.0,2023-01-13 18:39,2017-11-24,[]
471,5WgW9bG91h4zRUnBr97d6c,7lg5i5BW3Fhmay7kEpyORQ,You Are Safe,469995.0,51.0,Muyè,"['Rampa', 'Adam Port', '&ME']",469995.0,2023-01-13 18:47,2017-11-24,[]
472,5WgW9bG91h4zRUnBr97d6c,7lg5i5BW3Fhmay7kEpyORQ,You Are Safe,469995.0,51.0,Muyè,"['Rampa', 'Adam Port', '&ME']",469995.0,2023-01-13 18:54,2017-11-24,[]
473,5WgW9bG91h4zRUnBr97d6c,7lg5i5BW3Fhmay7kEpyORQ,You Are Safe,469995.0,51.0,Muyè,"['Rampa', 'Adam Port', '&ME']",469995.0,2023-01-13 19:02,2017-11-24,[]
474,5WgW9bG91h4zRUnBr97d6c,7lg5i5BW3Fhmay7kEpyORQ,You Are Safe,469995.0,51.0,Muyè,"['Rampa', 'Adam Port', '&ME']",469995.0,2023-01-13 19:10,2017-11-24,[]
475,5WgW9bG91h4zRUnBr97d6c,7lg5i5BW3Fhmay7kEpyORQ,You Are Safe,469995.0,51.0,Muyè,"['Rampa', 'Adam Port', '&ME']",469995.0,2023-01-13 19:18,2017-11-24,[]
476,5WgW9bG91h4zRUnBr97d6c,7lg5i5BW3Fhmay7kEpyORQ,You Are Safe,469995.0,51.0,Muyè,"['Rampa', 'Adam Port', '&ME']",469995.0,2023-01-13 19:26,2017-11-24,[]
477,5WgW9bG91h4zRUnBr97d6c,7lg5i5BW3Fhmay7kEpyORQ,You Are Safe,469995.0,51.0,Muyè,"['Rampa', 'Adam Port', '&ME']",469995.0,2023-01-13 19:34,2017-11-24,[]
478,5WgW9bG91h4zRUnBr97d6c,7lg5i5BW3Fhmay7kEpyORQ,You Are Safe,469995.0,51.0,Muyè,"['Rampa', 'Adam Port', '&ME']",469995.0,2023-01-13 19:41,2017-11-24,[]
479,5WgW9bG91h4zRUnBr97d6c,7lg5i5BW3Fhmay7kEpyORQ,You Are Safe,469995.0,51.0,Muyè,"['Rampa', 'Adam Port', '&ME']",469995.0,2023-01-13 19:49,2017-11-24,[]
480,0WfOuXw05LJq4ik1lVvTzi,0EdtTRCl3J22AnWrNpH1w9,Isles,246506.0,63.0,Apricots,['Bicep'],441.0,2023-01-13 20:01,2021-01-22,[]
481,6nqq13r13sPOS7C3ydOi7L,6FoaIAh5ydGk4iEk32ECpk,Quasar,250604.0,50.0,Quasar,['Tevvez'],336102.0,2023-01-13 20:12,2021-06-07,[]
482,5Z8Dj3LtbyCMiwE86rhg2f,6o86bV7TAt5x4exc2qLDqC,Actual Life (April 14 - December 17 2020),285375.0,73.0,Marea (we’ve lost dancing),"['Fred again..', 'The Blessed Madonna']",226358.0,2023-01-13 20:16,2021-04-15,[]
483,7pgFHs8K5OgB9PGDY3sysE,2ujt9WEAr3yiAMtQHHkyC4,7,346240.0,60.0,Feed Your Head,['Paul Kalkbrenner'],346240.0,2023-01-13 20:22,2015-08-07,[]
484,4IlqQhaxrGPxmg35YcXXuS,1EFQdXVbYzfSP1KQQoIOzj,Ibiza 2019,256000.0,77.0,Dancin - Krono Remix,"['Aaron Smith', 'Luvli', 'Krono']",4430.0,2023-01-13 20:27,2019-11-11,[]
485,3So3bxnxNIUpbO210NEqo3,35Zg4Ksfyo1PmlztBn3UH6,Sweet Dreams,146874.0,52.0,Caramellow,['Purrple Cat'],2830.0,2023-01-13 20:27,2020-04-08,[]
486,7pgFHs8K5OgB9PGDY3sysE,2ujt9WEAr3yiAMtQHHkyC4,7,346240.0,60.0,Feed Your Head,['Paul Kalkbrenner'],420.0,2023-01-13 20:27,2015-08-07,[]
487,7pgFHs8K5OgB9PGDY3sysE,2ujt9WEAr3yiAMtQHHkyC4,7,346240.0,60.0,Feed Your Head,['Paul Kalkbrenner'],284332.0,2023-01-13 20:27,2015-08-07,[]
488,7rWgGyRK7RAqAAXy4bLft9,7iLuHJkrb9KHPkMgddYigh,Voulez-Vous,260893.0,75.0,Angeleyes,['ABBA'],1480.0,2023-01-13 20:27,1979,[]
489,33tYADyL2aZctrvR59K1bQ,3L1NLn5rcrmV4uVqgaoTI7,Lauren (I Can't Stay Forever),200550.0,66.0,Lauren (I Can't Stay Forever),['Oden & Fatzo'],1800.0,2023-01-13 20:27,2021-10-08,[]
490,33tYADyL2aZctrvR59K1bQ,3L1NLn5rcrmV4uVqgaoTI7,Lauren (I Can't Stay Forever),200550.0,66.0,Lauren (I Can't Stay Forever),['Oden & Fatzo'],1030.0,2023-01-13 20:27,2021-10-08,[]
491,6cy3ki60hLwimwIje7tALf,6EobpC5SDFy5DF50dWNVGF,RITMO (Bad Boys For Life),221714.0,72.0,RITMO (Bad Boys For Life),"['Black Eyed Peas', 'J Balvin']",3220.0,2023-01-13 20:27,2019-10-12,[]
492,6cy3ki60hLwimwIje7tALf,6EobpC5SDFy5DF50dWNVGF,RITMO (Bad Boys For Life),221714.0,72.0,RITMO (Bad Boys For Life),"['Black Eyed Peas', 'J Balvin']",5250.0,2023-01-13 20:27,2019-10-12,[]
493,0jXneVxiitQZsbtftH7HHJ,3HgoCO9wWuPcNhz8Ip4C46,‘The ReVe Festival 2022 - Feel My Rhythm’,208346.0,59.0,BAMBOLEO,['Red Velvet'],1910.0,2023-01-13 20:27,2022-03-21,[]
494,4AO1XhrgJczQ9bNVxdfKQe,1Sf8GsXG32t0jNrX11xqWx,JACKBOYS,250141.0,67.0,WHAT TO DO? (feat. Don Toliver),"['JACKBOYS', 'Travis Scott', 'Don Toliver']",10620.0,2023-01-13 20:27,2019-12-27,[]
495,1kZtyxJakwddLIxfEDDXEx,7DvK67C21i6go7olhjvLgT,FLOP,160500.0,56.0,ALDO RITMO,['Salmo'],9740.0,2023-01-13 20:31,2021-10-01,[]
496,3Y3nRbS2YvT8LsYxvDylny,7FPkaI35RqABwOd1bOHi05,She Looks So Perfect (B-Sides),210424.0,58.0,Disconnected,['5 Seconds of Summer'],1060.0,2023-01-13 20:31,2014,[]
497,1W02hcbdwd4do45YJqSlED,6UhfjhKAcnH61ZGR9zZNFh,Let the Sun Shine (Purple Disco Machine Remix),166750.0,46.0,Let the Sun Shine - Purple Disco Machine Remix,"['Milk & Sugar', 'Purple Disco Machine']",3432.0,2023-01-13 20:31,2021-04-23,[]
498,6cy3ki60hLwimwIje7tALf,6EobpC5SDFy5DF50dWNVGF,RITMO (Bad Boys For Life),221714.0,72.0,RITMO (Bad Boys For Life),"['Black Eyed Peas', 'J Balvin']",183810.0,2023-01-13 20:31,2019-10-12,[]
499,2Xr1dTzJee307rmrkt8c0g,6lheAtw3IcJvflIhLbykih,CKay The First,145800.0,81.0,love nwantiti (ah ah ah),['CKay'],13850.0,2023-01-13 20:31,2019-08-30,[]
500,0V5cvmTKsYmF5FmGGEAfmS,7KPvATOyLVFbV6UR6DujF8,Je te laisserai des mots,160853.0,84.0,Je te laisserai des mots,['Patrick Watson'],850.0,2023-01-13 20:33,2010-09-10,[]
501,1X1DWw2pcNZ8zSub3uhlNz,63eaHsLLsW1e5ISNf7ISZy,#3,202533.0,69.0,Hall of Fame (feat. will.i.am),"['The Script', 'will.i.am']",180.0,2023-01-13 20:33,2012-09-10,[]
502,45OsJpk7HMJKOnMVf2eQsV,4D04TN7Kw7Bq98kfDjUmgh,TAXI DRIVER,174727.0,62.0,10 RAGAZZE (con ERNIA),"['Rkomi', 'Ernia', 'MACE']",1580.0,2023-01-13 20:33,2021-11-30,[]
504,4a76tPg6zxZO5HCQvkopAw,6nAyU48Mf6cWrZlM6nLUpS,"Life's a Bitch, I Just Need an Early Night",207093.0,44.0,I Just Need an Early Night,['Nix Northwest'],2100.0,2023-01-13 20:33,2019-10-18,[]
505,4se25yP3bMpaMAlcxvyJ5Q,2FAzRCz0eQhFMUhDPTxIUb,Vanice,109714.0,65.0,Violin,"['Cookiee Kawaii', 'Dear Silas']",140.0,2023-01-13 20:33,2021-07-30,[]
506,4se25yP3bMpaMAlcxvyJ5Q,2FAzRCz0eQhFMUhDPTxIUb,Vanice,109714.0,65.0,Violin,"['Cookiee Kawaii', 'Dear Silas']",109714.0,2023-01-13 20:33,2021-07-30,[]
507,1fmoCZ6mtMiqA5GHWPcZz9,2HEh23ogCT3wiYfag2iMxD,Moderat,367306.0,62.0,A New Error,['Moderat'],1250.0,2023-01-13 20:33,2009-05-11,[]
508,6He0QxDkF7LMLAyfHL7kHQ,4Pd36LZx3udvliJX2ukwAB,Magica Musica,233040.0,45.0,Namasté (feat. Rkomi),"['Venerus', 'Rkomi', 'MACE']",960.0,2023-01-13 20:33,2021-02-19,[]
509,5NijSs5dAwaIybq1GaRTIe,17dsllSewkPuKbkGWU4chD,Poison,212992.0,78.0,Poison,['Brent Faiyaz'],130.0,2023-01-13 20:33,2016-08-03,[]
510,3B54sVLJ402zGa6Xm4YGNe,4c2p3TdN7NcQfCXyueCNnC,Jungle Rules,233901.0,82.0,Unforgettable,"['French Montana', 'Swae Lee']",70.0,2023-01-13 20:33,2017-07-14,[]
511,1Fem9jSJEleNWT1kgt70ST,5t5P0wZ82mkywdvRwlUQhQ,Hey It's Pomplamoose,185316.0,62.0,Bust Your Knee Caps - Johnny Don't Leave Me,['Pomplamoose'],1130.0,2023-01-13 20:33,2014-06-21,[]
512,31i56LZnwE6uSu3exoHjtB,3RQQmkQEvNCY4prGKE6oc5,Un Verano Sin Ti,173119.0,87.0,Neverita,['Bad Bunny'],140.0,2023-01-13 20:33,2022-05-06,[]
513,4Gh924DaL7ydxltm2cfoOT,77EYcClmqkA3rWSWvSOHSN,Petrichor,175611.0,62.0,Fiori di Chernobyl,['Mr.Rain'],11340.0,2023-01-13 20:33,2021-02-12,[]
514,5CQ30WqJwcep0pYcV4AMNc,44Ig8dzqOkvkGDzaUof9lK,Led Zeppelin IV (Deluxe Edition),482830.0,79.0,Stairway to Heaven - Remaster,['Led Zeppelin'],180.0,2023-01-13 20:33,1971-11-08,[]
515,1ktyKCzfI8hooCJP3X2yP5,51yDwPiJNSAOouxDtp1t3G,uNa DiReZioNe giUsTa,215516.0,60.0,uNa DiReZioNe giUsTa,"['yungest Moonstar', 'Neffa', 'thasup']",1270.0,2023-01-13 20:33,2021-07-30,[]
516,0qXP5fMhxGzxALOkXYUxfP,4uObGgFhiUjJNrj298b500,Helios,224520.0,71.0,Loverboy,['A-Wall'],5058.0,2023-01-13 20:33,2019-08-04,[]
517,51pshtuYkgUQnt5huMPbKL,0WzOtZBpXvWdNdH7hCJ4qo,K.I.D.S.,195873.0,79.0,The Spins,['Mac Miller'],1250.0,2023-01-13 20:33,2010-08-13,[]
518,4a76tPg6zxZO5HCQvkopAw,6nAyU48Mf6cWrZlM6nLUpS,"Life's a Bitch, I Just Need an Early Night",207093.0,44.0,I Just Need an Early Night,['Nix Northwest'],38940.0,2023-01-13 20:34,2019-10-18,[]
519,6cy3ki60hLwimwIje7tALf,6EobpC5SDFy5DF50dWNVGF,RITMO (Bad Boys For Life),221714.0,72.0,RITMO (Bad Boys For Life),"['Black Eyed Peas', 'J Balvin']",2430.0,2023-01-13 20:34,2019-10-12,[]
520,0jXneVxiitQZsbtftH7HHJ,3HgoCO9wWuPcNhz8Ip4C46,‘The ReVe Festival 2022 - Feel My Rhythm’,208346.0,59.0,BAMBOLEO,['Red Velvet'],990.0,2023-01-13 20:34,2022-03-21,[]
521,4TNFLwe6DhtR3Wn1JKMqMJ,2rb6C1wUwk7hFOVmfgt19k,Zanaka (Deluxe),248986.0,53.0,Makeba,['Jain'],8800.0,2023-01-13 20:34,2016-11-25,[]
522,4z7maGZkAonDlXlwo8q69f,38tXOrjXUUfQWWV2DRwMio,Blondes Have More Fun,331333.0,72.0,Da Ya Think I'm Sexy?,['Rod Stewart'],1380.0,2023-01-13 20:36,1978-11-24,[]
523,1TanmIWbaUj5NVwJ3k4XPd,2Kudx2lMsMx3svYdb2xe2F,Always Never The Same,219600.0,68.0,Write This Down,['George Strait'],1040.0,2023-01-13 20:36,1999-01-01,[]
524,6XmT8fIEfcS3ZSVEz00U7m,2g3h5sHGcVvbvsit77Sbbb,Neo Surf,200133.0,51.0,Neo Surf,"['GENER8ION', '070 Shake']",940.0,2023-01-13 20:36,2021-10-22,[]
525,72ntMcqS3PC5mdVyOrHunc,2WKOkBQI3FDC1KqWs9pBk2,Last Night a D.J. Saved My Life,281964.0,42.0,Last Night a D.J. Saved My Life (Radio Version) - Bonus Track,['Indeep'],1360.0,2023-01-13 20:36,1983-01-01,[]
526,4QNpBfC0zvjKqPJcyqBy9W,4rG0MhkU6UojACJxkMHIXB,Planet Pit (Deluxe Version),252306.0,82.0,"Give Me Everything (feat. Ne-Yo, Afrojack & Nayer)","['Pitbull', 'Ne-Yo', 'AFROJACK', 'Nayer']",1240.0,2023-01-13 20:36,2011-06-17,[]
527,4BxzNZpcm1j3JczZzGNe2k,4SJhZBuuLYlwUJGxWf8Pj0,The Fast And The Furious: Tokyo Drift (Original Motion Picture Soundtrack),305280.0,70.0,Bandoleros,"['Don Omar', 'Tego Calderón']",940.0,2023-01-13 20:36,2006-06-20,[]
528,0BeXxjO6mgLDzg4xA6UheO,7zFt7hLRPxemmlzVzg5uec,Blu Celeste,206379.0,59.0,Blu Celeste,['BLANCO'],980.0,2023-01-13 20:36,2021-09-09,[]
529,0wHFktze2PHC5jDt3B17DC,2eE8BVirX9VF8Di9hD90iw,Come Home The Kids Miss You,173947.0,83.0,First Class,['Jack Harlow'],1960.0,2023-01-13 20:36,2022-05-06,[]
530,1NJ1jm3uNRrF4JZHpaX1CD,2RlP2H89edcTGhVcpGPINj,Flashmob,234240.0,42.0,Poison Lips,['Vitalic'],100.0,2023-01-13 20:36,2009-09-28,[]
531,2aWVaW1p2kUc5yuKwBmRJi,7AaqMMiYMvnMB3RcS8u3EY,Sweet Action,125302.0,72.0,I WANNA SEE SOME ASS (feat. jetsonmade),"['Jack Harlow', 'jetsonmade']",1620.0,2023-01-13 20:36,2020-03-13,[]
532,1BwrMGGhPA6GarWIYaFrW8,2MSP1JG7KflqYqAHtk7wlB,Para La Eternidad,278866.0,69.0,La Vida Es Un Carnaval,['Celia Cruz'],100720.0,2023-01-13 20:36,2016-05-27,[]
533,1PWOkqMORYdGa0OEh2GaXM,7zFt7hLRPxemmlzVzg5uec,Blu Celeste,176400.0,63.0,Notti In Bianco,['BLANCO'],1100.0,2023-01-13 20:36,2021-09-09,[]
534,1jaTQ3nqY3oAAYyCTbIvnM,7AaqMMiYMvnMB3RcS8u3EY,Sweet Action,139741.0,76.0,WHATS POPPIN,['Jack Harlow'],870.0,2023-01-13 20:36,2020-03-13,[]
535,6g2BiiVQqY5v1S4HIrM54F,3NRTc5qEBAqOt3dKPFkmnu,Tuyo (Narcos Theme) [Extended Version] [A Netflix Original Series Soundtrack],151565.0,67.0,Tuyo (Narcos Theme) [Extended Version] - A Netflix Original Series Soundtrack,['Rodrigo Amarante'],960.0,2023-01-13 20:36,2018-11-16,[]
536,62Yo3FDddWY8ydu6PW2wyz,72r4dr0xDsXOWRwP2o7ZIP,Nail Tech,206385.0,71.0,Nail Tech,['Jack Harlow'],7380.0,2023-01-13 20:36,2022-02-18,[]
537,7nKBxz47S9SD79N086fuhn,2Ib7wM5qXKXDzZFhzNQ7TG,SUBEME LA RADIO (feat. Descemer Bueno & Zion & Lennox),207680.0,70.0,SUBEME LA RADIO (feat. Descemer Bueno & Zion & Lennox),"['Enrique Iglesias', 'Descemer Bueno', 'Zion & Lennox']",850.0,2023-01-13 20:36,2017-02-24,[]
538,4LRPiXqCikLlN15c3yImP7,2pqdSWeJVsXAhHFuVLzuA8,As It Was,167303.0,92.0,As It Was,['Harry Styles'],1290.0,2023-01-13 20:36,2022-03-31,[]
539,1uMHCAyGmHqyygoNRuo7MV,1YrACh9xDRGpjrkdWz4MfP,edamame (feat. Rich Brian),133706.0,74.0,edamame (feat. Rich Brian),"['bbno$', 'Rich Brian']",650.0,2023-01-13 20:36,2021-07-24,[]
540,4Y5zORYzLKPD08XOCfhKEG,1leEA83rFXaNf8YRI1f4aS,Estate 2022 Hits Italia,164000.0,5.0,farfalle,['sangiovanni'],770.0,2023-01-13 20:36,2023-03-23,[]
541,3FNHSjVuJzczSymF6gMN1f,5qx4rqE2gkyiEsw7qa3F84,songs to your lover,215627.0,1.0,Save Your Tears,['The Weeknd'],1020.0,2023-01-13 20:36,2023-04-04,[]
542,2QqUfCa7GbxQm6gB3K4hhi,3IvN0hSsaCpMIigGZ4yJ0z,See Tình - Cucak Remix (Cukak Remix),170158.0,69.0,See Tình - Cucak Remix - Cukak Remix,"['Hoang Thuy Linh', 'Cukak']",21030.0,2023-01-13 20:37,2022-05-05,[]
543,0BgKO3jvcTWhJ8Y8egyAn1,5UDp9amJcdxcM86mM0Hwiy,Me Volvi A Acordar De Ti,254933.0,57.0,Navidad Sin Ti,['Los Bukis'],207506.0,2023-01-13 20:40,1987,[]
544,4IlqQhaxrGPxmg35YcXXuS,1EFQdXVbYzfSP1KQQoIOzj,Ibiza 2019,256000.0,77.0,Dancin - Krono Remix,"['Aaron Smith', 'Luvli', 'Krono']",1036.0,2023-01-13 20:45,2019-11-11,[]
545,4IlqQhaxrGPxmg35YcXXuS,1EFQdXVbYzfSP1KQQoIOzj,Ibiza 2019,256000.0,77.0,Dancin - Krono Remix,"['Aaron Smith', 'Luvli', 'Krono']",870.0,2023-01-13 20:45,2019-11-11,[]
546,0BgKO3jvcTWhJ8Y8egyAn1,5UDp9amJcdxcM86mM0Hwiy,Me Volvi A Acordar De Ti,254933.0,57.0,Navidad Sin Ti,['Los Bukis'],1470.0,2023-01-13 20:45,1987,[]
547,0BgKO3jvcTWhJ8Y8egyAn1,5UDp9amJcdxcM86mM0Hwiy,Me Volvi A Acordar De Ti,254933.0,57.0,Navidad Sin Ti,['Los Bukis'],100.0,2023-01-13 20:45,1987,[]
548,5wiSmUpfrWBuAT6DKm2uyD,6QtnCAFmqOwR75jOOmU7k9,Mamma Mia! The Movie Soundtrack,186453.0,67.0,"Money, Money, Money - From 'Mamma Mia!' Original Motion Picture Soundtrack","['Meryl Streep', 'Julie Walters', 'Christine Baranski']",3880.0,2023-01-13 20:45,2008-01-01,[]
549,4UeDMzA4XjmRpl1RHogDzx,6QtnCAFmqOwR75jOOmU7k9,Mamma Mia! The Movie Soundtrack,275133.0,64.0,Voulez-Vous - From 'Mamma Mia!' Original Motion Picture Soundtrack,"['Cast of Mamma Mia! The Movie', 'Philip Michael', 'Christine Baranski', 'Julie Walters', 'Stellan Skarsgård']",275133.0,2023-01-13 20:45,2008-01-01,[]
550,6Uj1ctrBOjOas8xZXGqKk4,1nAQbHeOWTfQzbOoFrvndW,Planet Her,172626.0,86.0,Woman,['Doja Cat'],7650.0,2023-01-13 20:45,2021-06-25,[]
551,0jXneVxiitQZsbtftH7HHJ,3HgoCO9wWuPcNhz8Ip4C46,‘The ReVe Festival 2022 - Feel My Rhythm’,208346.0,59.0,BAMBOLEO,['Red Velvet'],1350.0,2023-01-13 20:45,2022-03-21,[]
552,4UeDMzA4XjmRpl1RHogDzx,6QtnCAFmqOwR75jOOmU7k9,Mamma Mia! The Movie Soundtrack,275133.0,64.0,Voulez-Vous - From 'Mamma Mia!' Original Motion Picture Soundtrack,"['Cast of Mamma Mia! The Movie', 'Philip Michael', 'Christine Baranski', 'Julie Walters', 'Stellan Skarsgård']",221290.0,2023-01-13 20:54,2008-01-01,[]
553,20HCH8XT2EK1QYe1loAJ8E,54vSb9255iZKykjuytWbZh,Play Me Again,390638.0,65.0,Moon (And It Went Like),"['Kid Francescoli', 'Julia Minkin']",390638.0,2023-01-13 21:01,2017-03-03,[]
554,6PgVDY8GTkxF3GmhVGPzoB,2PBsbww0MYw9F1JzyYWIEO,"Hold On, I'm Comin'",155706.0,68.0,"Hold On, I'm Comin'",['Sam & Dave'],73014.0,2023-01-13 21:02,1966,[]
555,7IkziI5kU1nEZJUhayPzW9,4SE9KPxD6NDPvaHH1FBCBI,Papaya Juice,141176.0,37.0,Papaya Juice,['Odd Panda'],218226.0,2023-01-13 21:05,2022-03-18,[]
556,6NBLLkUxwVTTNwmDwMYnHC,56MbaJY71C1uuRntzOAIMY,L'Orchestra Italiana - Mina Vol. 1,178285.0,49.0,Tintarella di luna,['Mina'],57706.0,2023-01-13 21:06,1942-11-13,[]
557,7IkziI5kU1nEZJUhayPzW9,4SE9KPxD6NDPvaHH1FBCBI,Papaya Juice,141176.0,37.0,Papaya Juice,['Odd Panda'],6190.0,2023-01-13 21:06,2022-03-18,[]
558,5jROdl6MhcmP3O7h2sVgtw,7lxHnls3yQNl8B9bILmHj7,Traveller,253200.0,72.0,Parachute,['Chris Stapleton'],230214.0,2023-01-13 21:10,2015-05-04,[]
559,3ZSqMer9RLSglvi18bWXYV,1PjYHybPrB6rU3qABrNldm,Berlin Calling (The Soundtrack by Paul Kalkbrenner),230500.0,68.0,Sky and Sand,"['Paul Kalkbrenner', 'Fritz Kalkbrenner']",230500.0,2023-01-13 21:14,2013-07-12,[]
560,5ggO0j54Wk1ujXYqdv3zVL,4lroDjbnUJsJIVvrVee6Wh,XMAS House Party,253770.0,53.0,Charles J - Original Mix,['Charles J'],789.0,2023-01-13 21:41,2022-12-02,[]
561,6NBLLkUxwVTTNwmDwMYnHC,56MbaJY71C1uuRntzOAIMY,L'Orchestra Italiana - Mina Vol. 1,178285.0,49.0,Tintarella di luna,['Mina'],4458.0,2023-01-13 21:41,1942-11-13,[]
562,7IkziI5kU1nEZJUhayPzW9,4SE9KPxD6NDPvaHH1FBCBI,Papaya Juice,141176.0,37.0,Papaya Juice,['Odd Panda'],125716.0,2023-01-13 21:41,2022-03-18,[]
563,5ggO0j54Wk1ujXYqdv3zVL,4lroDjbnUJsJIVvrVee6Wh,XMAS House Party,253770.0,53.0,Charles J - Original Mix,['Charles J'],5085.0,2023-01-13 21:42,2022-12-02,[]
564,5ggO0j54Wk1ujXYqdv3zVL,4lroDjbnUJsJIVvrVee6Wh,XMAS House Party,253770.0,53.0,Charles J - Original Mix,['Charles J'],3784.0,2023-01-13 21:42,2022-12-02,[]
565,7J4zszAZxAyowZp7gNUIUI,0goSLvh4vqvDLQHmee3Bk1,Bongo Cha Cha Cha,113127.0,63.0,Bongo Cha Cha Cha,['Goodboys'],464.0,2023-01-13 21:42,2021-05-21,[]
566,1lDTCplltl6AQo1HjxvXay,68BVCSKG3lJ5JXKc5K54zZ,The White Lotus: Season 2 (Soundtrack from the HBO® Original Series),151053.0,43.0,Lacero Puttanesca 1,"['Cristobal Tapia De Veer', 'Kim Neundorf']",9557.0,2023-01-14 10:15,2022-12-11,[]
567,5WgW9bG91h4zRUnBr97d6c,7lg5i5BW3Fhmay7kEpyORQ,You Are Safe,469995.0,51.0,Muyè,"['Rampa', 'Adam Port', '&ME']",19229.0,2023-01-14 10:15,2017-11-24,[]
568,2wXFOd5lYZH3Hiuw1oAYGt,68BVCSKG3lJ5JXKc5K54zZ,The White Lotus: Season 2 (Soundtrack from the HBO® Original Series),98440.0,65.0,"Renaissance (Main Title Theme) - from ""The White Lotus: Season 2""",['Cristobal Tapia De Veer'],3562.0,2023-01-14 10:15,2022-12-11,[]
569,2GiZ3sC2p1Cc2t2gbdMKsN,5JY3b9cELQsoG7D5TJMOgw,Multitude,125706.0,56.0,Invaincu,['Stromae'],125706.0,2023-01-14 10:17,2022-03-03,[]
570,2hnMS47jN0etwvFPzYk11f,14eK347GdWO4mBBx78tsut,Sublime,182746.0,79.0,Santeria,['Sublime'],191000.0,2023-01-14 10:20,1996-07-30,[]
571,09IE6tsb0tL0VLGH4GxCOO,5JY3b9cELQsoG7D5TJMOgw,Multitude,182160.0,60.0,La solassitude,['Stromae'],12805.0,2023-01-14 10:20,2022-03-03,[]
575,70pC9IQb39VDNUm3Uio5kD,0sHbXMgCDveBs71HiIJulB,Petites danses et rêveries,146090.0,68.0,Un sourire et une larme (valse),['Tom Kristiaan'],140362.0,2023-01-14 15:02,2022-05-20,[]
576,3y3GMygxjeZ8VQDfEoyKh7,6Djgy4mo37pXQgBsLrdFYj,As I Dream,184583.0,62.0,As I Dream,['Johannes Bornlöf'],178613.0,2023-01-14 15:05,2022-05-13,[]
577,7Jrx30VldPaujIaP3c2SJn,75lQPJlmH7f4DlqyOpemjO,Un Cadeau,157077.0,57.0,Un Cadeau,['Nel Swerts'],153484.0,2023-01-14 15:08,2022-02-18,[]
578,6JmgdhklkWQBWZBhh8Too2,1vj9YCKCsagqPUV5rdfDVX,Crossing Paths,178958.0,47.0,Crossing Paths,['Lake Isabel'],174279.0,2023-01-14 15:11,2020-07-24,[]
579,5Gm2tHCFTzb0vHZfReSr5f,4RWOkpGgca2uscV8PX9CeR,Silfur,211440.0,47.0,Opus 18 - Silfur Version,"[""Dustin O'Halloran""]",200192.0,2023-01-14 15:14,2021-06-11,[]
580,63oFS9JTsvadCXUqwqA7p0,74x8LKWeBPXDJxB0IDlCep,Shizukana,131786.0,67.0,Shizukana,['Isshi Matsuriza'],128631.0,2023-01-14 15:16,2022-04-08,[]
581,2p5THyuNwpJ9c7ex3TN383,0nz4s5aDqAOYKdbogoo15X,Nowesind,119120.0,65.0,Nowesind,['Jacob David'],112332.0,2023-01-14 15:18,2022-02-25,[]
582,3iTkd7x5X2LIVKu7JNwqHR,2KOI69X6VG66offffHQvjg,The Pious Bird of Good Omen,191106.0,55.0,Albatross - 2018 Master,['Fleetwood Mac'],148835.0,2023-01-14 15:21,1969-08-15,[]
583,5e5tJl04Fp74oHxpsrC7Tk,0lvz7MO3PlK8QDxvvc35pN,Meditabundus,150000.0,60.0,Meditabundus,['Kellen Chase'],146372.0,2023-01-14 15:23,2022-04-27,[]
584,0sCPbmOcdRcTWVDjHh22id,6vtn108mEHEwVw0Lu1I4HO,Hour of Rest,112653.0,60.0,Hour of Rest,['William Cas'],107734.0,2023-01-14 15:25,2021-10-01,[]
585,7fBv7CLKzipRk6EC6TWHOB,0P3oVJBFOv3TDXlYRhGL7s,Beauty Behind The Madness,242253.0,87.0,The Hills,['The Weeknd'],160075.0,2023-01-14 15:27,2015-08-28,[]
586,1sINJB2tVaHV5r3iKCACHv,3XJLsmXh2yyehGaUn0FWDC,Reframe,127109.0,59.0,Reframe,['Norman Dück'],124622.0,2023-01-14 15:30,2022-04-08,[]
587,00PnFrg2QQzPqkeuxGxcz9,5qarIzyobiPKOCDZvaWDIj,Relaxing Piano (Neoclassical Sessions),184220.0,61.0,Spheroidal,['Kalen Elmsley'],180763.0,2023-01-14 15:33,2022-08-19,[]
588,5RrvMr9cuBvmINeTDJvTYH,3Z0iahrofwT3yOgryg08wR,Ostern - Klassische Musik,136706.0,2.0,"Prelude and Fugue in C Major, BWV 846: I. Prelude","['Johann Sebastian Bach', 'Fazıl Say']",164792.0,2023-01-14 15:35,2023-03-27,[]
589,5vz0Vls8TbtlI58CHQrIpb,08ACq6XiMkbZr3pouk4piJ,Träumerei,127250.0,62.0,Träumerei,['Jørg Sorensen'],126133.0,2023-01-14 15:37,2021-10-08,[]
590,4ngpD9qM5EinF3KKKoyZDB,4jKT4QSTMTuHh7LmMzUtNb,The New Life,138598.0,59.0,The New Life,['Lemos'],130318.0,2023-01-14 15:40,2022-05-13,[]
591,6axlKJ7OnW6zxM16Hxwbb0,1ZwWzrEoQskuYYnN9bMXgB,Solace,151764.0,69.0,Solace,['Claire Lerdier'],114018.0,2023-01-14 15:41,2022-12-09,[]
592,5UTGQ7EW9lD4sCJs1QjL9l,6Wk54eiOWaHHWGQ8n5oGKh,Horizons,154503.0,63.0,Horizons,['Thalia Mathis'],134902.0,2023-01-14 15:44,2022-11-25,[]
593,6nEtaXKHUnrcbTjagD9mXC,4lvsDfnDzSQ5SbV8vAGMW9,Silverfog,156014.0,58.0,Silverfog,['Claudio Polle'],152278.0,2023-01-14 15:46,2022-01-02,[]
594,239W1Z795G2xYOqdrVLirv,6dT2UTUh4rYKFdakQ01sBc,The tree that I don't forget,198297.0,58.0,The tree that I don't forget,['Giuseppe Califano'],187279.0,2023-01-14 15:49,2022-05-13,[]
595,2yZU1Y2Zagb4Ymm5gK72ab,2FSycLXewsbnvoqm6F5oKv,Homestead,162250.0,50.0,Homestead,['Chris Donner'],157962.0,2023-01-14 15:52,2022-02-25,[]
596,2XPxkVgxyj4QVaW78kS5vb,2RtrUW1IaYnI9OAVN4XGDY,Estelle,118500.0,63.0,Estelle,['Doris Casella'],115051.0,2023-01-14 15:54,2022-05-06,[]
597,025aQi6Ffw676y8m4zLPk7,30HSC1ogeWpwBZXroMTTDW,To the Rain,145620.0,59.0,To the Rain,['Anna Landström'],141997.0,2023-01-14 15:56,2022-05-20,[]
598,5YZpHsggUWJwLirje3LvqH,1BgkRFDTCvBMxIZyMW8cnf,Alla fine insieme (Together at Last),128015.0,48.0,Alla fine insieme (Together at Last),['Guiseppe Amilcare'],205597.0,2023-01-14 16:00,2020-06-26,[]
599,0RdeSJMPOXBb8a1MmEP7Fq,5mxzoB3Xja5f0sVuI1nsv3,Svaj,146812.0,59.0,Svaj,['Jacob David'],139242.0,2023-01-14 16:02,2022-04-22,[]
600,5YB0FJ63K0g5ZXw0BN4HXF,3nDvhFMcF7a0M5CNuivOn4,When it drizzles,148890.0,60.0,When it drizzles,['Alva Brunel'],139121.0,2023-01-14 16:04,2022-04-08,[]
601,2kEk2uIKtoJD5r65cH7XBP,4YPmrvr0GCO4errUctduu7,Contemplate,173219.0,65.0,Silk,['Sleepwear'],148842.0,2023-01-14 16:07,2022-02-07,[]
602,0PQK5efczMVIIjScPRZYH5,14IZ6aHadzsKrNMnntwLb0,skeletons,171520.0,60.0,atlas,['keshi'],125402.0,2023-01-14 16:09,2019-07-16,[]
603,0akRH0jXMDwwgVlTg8nyJH,21tRhVrfsE603drTwiWthE,Bagnàa Come I Trüt De Lagh,210613.0,27.0,Bagnàa Come I Trüt De Lagh,['Giovanni Turchini'],67464.0,2023-01-14 16:10,2020-10-16,[]
604,13efPu5TlBN9X9oOo9ItBv,6plr80ML2wuePhF4AqR2bQ,Stardust,175844.0,59.0,Stardust,"['MrHeadA$$Trendy', 'Limbo']",242995.0,2023-01-14 16:14,2019-12-11,[]
605,2POquMHNneRC4HApAiV2QA,5YgaRDfpuLueyi5hqncqLt,"Folsom Field, Boulder, CO 7/14/18 (Live)",795186.0,33.0,"Franklin's Tower - Live at Folsom Field, Boulder, CO, 7/14/2018",['Dead & Company'],87095.0,2023-01-14 16:17,2018-07-14,[]
606,5PEleSkK4p4E1sx3x7cOLt,4IMJWEfkidwtzLanLMAtLP,Turtleneck & Chain (Explicit Version),166560.0,62.0,I Just Had Sex,"['The Lonely Island', 'Akon']",20712.0,2023-01-14 16:18,2011-01-01,[]
607,70pC9IQb39VDNUm3Uio5kD,0sHbXMgCDveBs71HiIJulB,Petites danses et rêveries,146090.0,68.0,Un sourire et une larme (valse),['Tom Kristiaan'],140362.0,2023-01-14 16:21,2022-05-20,[]
608,3y3GMygxjeZ8VQDfEoyKh7,6Djgy4mo37pXQgBsLrdFYj,As I Dream,184583.0,62.0,As I Dream,['Johannes Bornlöf'],178613.0,2023-01-14 16:24,2022-05-13,[]
609,7Jrx30VldPaujIaP3c2SJn,75lQPJlmH7f4DlqyOpemjO,Un Cadeau,157077.0,57.0,Un Cadeau,['Nel Swerts'],153484.0,2023-01-14 16:26,2022-02-18,[]
610,6JmgdhklkWQBWZBhh8Too2,1vj9YCKCsagqPUV5rdfDVX,Crossing Paths,178958.0,47.0,Crossing Paths,['Lake Isabel'],174279.0,2023-01-14 16:29,2020-07-24,[]
611,5Gm2tHCFTzb0vHZfReSr5f,4RWOkpGgca2uscV8PX9CeR,Silfur,211440.0,47.0,Opus 18 - Silfur Version,"[""Dustin O'Halloran""]",200192.0,2023-01-14 16:33,2021-06-11,[]
612,63oFS9JTsvadCXUqwqA7p0,74x8LKWeBPXDJxB0IDlCep,Shizukana,131786.0,67.0,Shizukana,['Isshi Matsuriza'],128631.0,2023-01-14 16:35,2022-04-08,[]
613,2p5THyuNwpJ9c7ex3TN383,0nz4s5aDqAOYKdbogoo15X,Nowesind,119120.0,65.0,Nowesind,['Jacob David'],112333.0,2023-01-14 16:37,2022-02-25,[]
614,3iTkd7x5X2LIVKu7JNwqHR,2KOI69X6VG66offffHQvjg,The Pious Bird of Good Omen,191106.0,55.0,Albatross - 2018 Master,['Fleetwood Mac'],148835.0,2023-01-14 16:39,1969-08-15,[]
615,5e5tJl04Fp74oHxpsrC7Tk,0lvz7MO3PlK8QDxvvc35pN,Meditabundus,150000.0,60.0,Meditabundus,['Kellen Chase'],146372.0,2023-01-14 16:41,2022-04-27,[]
616,0sCPbmOcdRcTWVDjHh22id,6vtn108mEHEwVw0Lu1I4HO,Hour of Rest,112653.0,60.0,Hour of Rest,['William Cas'],107734.0,2023-01-14 16:43,2021-10-01,[]
617,7fBv7CLKzipRk6EC6TWHOB,0P3oVJBFOv3TDXlYRhGL7s,Beauty Behind The Madness,242253.0,87.0,The Hills,['The Weeknd'],160075.0,2023-01-14 16:46,2015-08-28,[]
618,1sINJB2tVaHV5r3iKCACHv,3XJLsmXh2yyehGaUn0FWDC,Reframe,127109.0,59.0,Reframe,['Norman Dück'],124622.0,2023-01-14 16:53,2022-04-08,[]
619,00PnFrg2QQzPqkeuxGxcz9,5qarIzyobiPKOCDZvaWDIj,Relaxing Piano (Neoclassical Sessions),184220.0,61.0,Spheroidal,['Kalen Elmsley'],180763.0,2023-01-14 16:56,2022-08-19,[]
620,5RrvMr9cuBvmINeTDJvTYH,3Z0iahrofwT3yOgryg08wR,Ostern - Klassische Musik,136706.0,2.0,"Prelude and Fugue in C Major, BWV 846: I. Prelude","['Johann Sebastian Bach', 'Fazıl Say']",164792.0,2023-01-14 16:59,2023-03-27,[]
621,5vz0Vls8TbtlI58CHQrIpb,08ACq6XiMkbZr3pouk4piJ,Träumerei,127250.0,62.0,Träumerei,['Jørg Sorensen'],126133.0,2023-01-14 17:01,2021-10-08,[]
622,4ngpD9qM5EinF3KKKoyZDB,4jKT4QSTMTuHh7LmMzUtNb,The New Life,138598.0,59.0,The New Life,['Lemos'],130318.0,2023-01-14 17:03,2022-05-13,[]
623,6axlKJ7OnW6zxM16Hxwbb0,1ZwWzrEoQskuYYnN9bMXgB,Solace,151764.0,69.0,Solace,['Claire Lerdier'],114018.0,2023-01-14 17:05,2022-12-09,[]
624,5UTGQ7EW9lD4sCJs1QjL9l,6Wk54eiOWaHHWGQ8n5oGKh,Horizons,154503.0,63.0,Horizons,['Thalia Mathis'],134902.0,2023-01-14 17:07,2022-11-25,[]
625,6nEtaXKHUnrcbTjagD9mXC,4lvsDfnDzSQ5SbV8vAGMW9,Silverfog,156014.0,58.0,Silverfog,['Claudio Polle'],152278.0,2023-01-14 17:10,2022-01-02,[]
626,239W1Z795G2xYOqdrVLirv,6dT2UTUh4rYKFdakQ01sBc,The tree that I don't forget,198297.0,58.0,The tree that I don't forget,['Giuseppe Califano'],187279.0,2023-01-14 17:13,2022-05-13,[]
627,2yZU1Y2Zagb4Ymm5gK72ab,2FSycLXewsbnvoqm6F5oKv,Homestead,162250.0,50.0,Homestead,['Chris Donner'],157962.0,2023-01-14 17:16,2022-02-25,[]
628,2XPxkVgxyj4QVaW78kS5vb,2RtrUW1IaYnI9OAVN4XGDY,Estelle,118500.0,63.0,Estelle,['Doris Casella'],115051.0,2023-01-14 17:18,2022-05-06,[]
629,025aQi6Ffw676y8m4zLPk7,30HSC1ogeWpwBZXroMTTDW,To the Rain,145620.0,59.0,To the Rain,['Anna Landström'],141997.0,2023-01-14 17:20,2022-05-20,[]
630,5YZpHsggUWJwLirje3LvqH,1BgkRFDTCvBMxIZyMW8cnf,Alla fine insieme (Together at Last),128015.0,48.0,Alla fine insieme (Together at Last),['Guiseppe Amilcare'],120485.0,2023-01-14 17:22,2020-06-26,[]